image,predicted_color,aquarius,name,price,mrp,material
1.jpg,white,56%,White Shirt,2017,2466,Polyester
10.jpg,black,51%,Black Shirt,2537,3067,Linen
100.jpg,black,44%,Black Shirt,2455,2764,Linen
1000.jpg,green,77%,Green Shirt,1779,2257,Wool
1001.jpg,white,51%,White Shirt,2773,3474,Wool
1002.jpg,white,42%,White Shirt,2525,2993,Linen
1003.jpg,gray,43%,Gray Shirt,2498,2927,Silk
1004.jpg,blue,46%,Blue Shirt,2747,3365,Silk
1005.jpg,white,91%,White Shirt,2331,2731,Silk
1006.jpg,gray,70%,Gray Shirt,1534,2317,Polyester
1007.jpg,blue,78%,Blue Shirt,2638,3251,Wool
1008.jpg,black,77%,Black Shirt,2774,3329,Linen
1009.jpg,black,80%,Black Shirt,2320,2897,Silk
101.jpg,unknown,44%,Stylish Shirt,1741,2065,Wool
1010.jpg,white,55%,White Shirt,1568,2169,Denim
1011.jpg,unknown,77%,Stylish Shirt,1551,2245,Cotton
1012.jpg,black,82%,Black Shirt,2645,3313,Linen
1013.jpg,blue,77%,Blue Shirt,1811,2178,Polyester
1014.jpg,white,93%,White Shirt,2769,3419,Denim
1015.jpg,gray,79%,Gray Shirt,2317,2784,Cotton
1016.jpg,white,79%,White Shirt,2956,3603,Denim
1017.jpg,gray,40%,Gray Shirt,2811,3350,Wool
1018.jpg,unknown,84%,Stylish Shirt,2944,3312,Linen
1019.jpg,gray,47%,Gray Shirt,1620,2095,Linen
102.jpg,white,93%,White Shirt,2769,3402,Linen
1020.jpg,black,76%,Black Shirt,2363,2684,Cotton
1021.jpg,unknown,44%,Stylish Shirt,2006,2404,Cotton
1022.jpg,black,78%,Black Shirt,2019,2701,Denim
1023.jpg,unknown,44%,Stylish Shirt,1806,2162,Silk
1024.jpg,black,76%,Black Shirt,2078,2556,Polyester
1025.jpg,white,90%,White Shirt,1891,2636,Silk
1026.jpg,unknown,79%,Stylish Shirt,2834,3461,Wool
1027.jpg,white,61%,White Shirt,2315,3097,Denim
1028.jpg,white,75%,White Shirt,1761,2372,Linen
1029.jpg,black,77%,Black Shirt,2380,2698,Denim
103.jpg,pink,84%,Pink Shirt,1931,2562,Wool
1030.jpg,black,67%,Black Shirt,2765,3180,Wool
1031.jpg,unknown,51%,Stylish Shirt,2714,3440,Denim
1032.jpg,black,77%,Black Shirt,1866,2314,Polyester
1033.jpg,unknown,78%,Stylish Shirt,1841,2161,Linen
1034.jpg,white,63%,White Shirt,2291,2690,Silk
1035.jpg,white,79%,White Shirt,1607,2004,Polyester
1036.jpg,white,47%,White Shirt,2942,3461,Denim
1037.jpg,white,46%,White Shirt,2652,3227,Linen
1038.jpg,black,76%,Black Shirt,2143,2448,Silk
1039.jpg,white,61%,White Shirt,2894,3681,Denim
104.jpg,unknown,63%,Stylish Shirt,2954,3678,Silk
1040.jpg,gray,52%,Gray Shirt,1639,2388,Cotton
1041.jpg,black,74%,Black Shirt,2549,3139,Silk
1042.jpg,white,54%,White Shirt,1862,2430,Polyester
1043.jpg,black,80%,Black Shirt,2061,2542,Polyester
1044.jpg,gray,81%,Gray Shirt,2552,3201,Cotton
1045.jpg,black,74%,Black Shirt,1532,1881,Denim
1046.jpg,black,79%,Black Shirt,1620,2056,Linen
1047.jpg,white,58%,White Shirt,2385,2833,Polyester
1048.jpg,blue,40%,Blue Shirt,1742,2397,Silk
1049.jpg,black,81%,Black Shirt,2281,2892,Cotton
105.jpg,white,46%,White Shirt,2843,3430,Cotton
1050.jpg,white,62%,White Shirt,1664,2031,Wool
1051.jpg,unknown,80%,Stylish Shirt,2698,3350,Polyester
1052.jpg,white,48%,White Shirt,1526,2186,Linen
1053.jpg,black,78%,Black Shirt,2222,2640,Wool
1054.jpg,gray,79%,Gray Shirt,2904,3582,Denim
1055.jpg,gray,77%,Gray Shirt,2341,3039,Polyester
1056.jpg,black,78%,Black Shirt,2092,2691,Linen
1057.jpg,gray,79%,Gray Shirt,2868,3606,Denim
1058.jpg,gray,80%,Gray Shirt,1965,2428,Silk
1059.jpg,white,53%,White Shirt,1778,2573,Denim
106.jpg,gray,60%,Gray Shirt,2668,3060,Linen
1060.jpg,gray,79%,Gray Shirt,1521,1954,Silk
1061.jpg,unknown,63%,Stylish Shirt,1829,2202,Silk
1062.jpg,blue,78%,Blue Shirt,2351,2892,Wool
1063.jpg,unknown,79%,Stylish Shirt,1875,2594,Cotton
1064.jpg,blue,76%,Blue Shirt,2382,2975,Denim
1065.jpg,white,40%,White Shirt,1855,2450,Polyester
1066.jpg,unknown,78%,Stylish Shirt,1905,2542,Silk
1067.jpg,white,44%,White Shirt,2458,3005,Linen
1068.jpg,black,62%,Black Shirt,2213,2563,Cotton
1069.jpg,white,63%,White Shirt,2915,3683,Wool
107.jpg,unknown,81%,Stylish Shirt,2413,3104,Cotton
1070.jpg,black,66%,Black Shirt,1787,2146,Polyester
1071.jpg,gray,76%,Gray Shirt,2519,3076,Cotton
1072.jpg,white,43%,White Shirt,2460,3176,Wool
1073.jpg,gray,80%,Gray Shirt,2333,2940,Linen
1074.jpg,gray,57%,Gray Shirt,3000,3341,Wool
1075.jpg,white,90%,White Shirt,2822,3249,Polyester
1076.jpg,gray,49%,Gray Shirt,2339,2994,Linen
1077.jpg,gray,84%,Gray Shirt,2618,3205,Linen
1078.jpg,gray,65%,Gray Shirt,1879,2480,Cotton
1079.jpg,black,70%,Black Shirt,2893,3341,Wool
108.jpg,white,94%,White Shirt,2574,3178,Cotton
1080.jpg,unknown,84%,Stylish Shirt,1929,2480,Cotton
1081.jpg,black,65%,Black Shirt,2892,3379,Cotton
1082.jpg,gray,51%,Gray Shirt,2545,2948,Cotton
1083.jpg,unknown,74%,Stylish Shirt,2239,2709,Polyester
1084.jpg,blue,78%,Blue Shirt,2039,2631,Linen
1085.jpg,white,47%,White Shirt,2097,2492,Cotton
1086.jpg,black,80%,Black Shirt,2089,2744,Polyester
1087.jpg,white,95%,White Shirt,2176,2596,Cotton
1088.jpg,white,94%,White Shirt,2762,3227,Silk
1089.jpg,white,58%,White Shirt,2220,2893,Cotton
109.jpg,unknown,60%,Stylish Shirt,2116,2815,Silk
1090.jpg,white,47%,White Shirt,2098,2458,Polyester
1091.jpg,pink,82%,Pink Shirt,2528,2878,Wool
1092.jpg,gray,79%,Gray Shirt,1955,2652,Polyester
1093.jpg,white,82%,White Shirt,2072,2585,Wool
1094.jpg,white,62%,White Shirt,1576,2140,Denim
1095.jpg,unknown,82%,Stylish Shirt,2408,2752,Cotton
1096.jpg,white,43%,White Shirt,2482,3164,Silk
1097.jpg,gray,48%,Gray Shirt,1608,1966,Polyester
1098.jpg,white,52%,White Shirt,2751,3384,Linen
1099.jpg,unknown,78%,Stylish Shirt,1509,1948,Denim
11.jpg,black,72%,Black Shirt,1823,2486,Cotton
110.jpg,unknown,44%,Stylish Shirt,2274,2768,Polyester
1100.jpg,white,84%,White Shirt,1698,2138,Cotton
1101.jpg,black,78%,Black Shirt,2312,2982,Polyester
1102.jpg,white,49%,White Shirt,2042,2668,Linen
1103.jpg,gray,49%,Gray Shirt,2201,2777,Polyester
1104.jpg,white,87%,White Shirt,1719,2083,Linen
1105.jpg,white,55%,White Shirt,2253,2633,Cotton
1106.jpg,yellow,56%,Yellow Shirt,1649,2224,Linen
1107.jpg,white,51%,White Shirt,1594,2229,Wool
1108.jpg,black,76%,Black Shirt,2590,3085,Denim
1109.jpg,white,64%,White Shirt,1806,2210,Polyester
111.jpg,unknown,85%,Stylish Shirt,2629,3377,Denim
1110.jpg,black,83%,Black Shirt,2477,2996,Denim
1111.jpg,white,49%,White Shirt,1628,1930,Silk
1112.jpg,black,77%,Black Shirt,1789,2299,Silk
1113.jpg,white,37%,White Shirt,1554,1955,Silk
1114.jpg,black,79%,Black Shirt,2964,3717,Silk
1115.jpg,gray,80%,Gray Shirt,1714,2100,Polyester
1116.jpg,gray,80%,Gray Shirt,2413,3211,Cotton
1117.jpg,white,60%,White Shirt,2700,3188,Linen
1118.jpg,white,64%,White Shirt,2005,2531,Wool
1119.jpg,white,46%,White Shirt,2656,3102,Polyester
112.jpg,gray,76%,Gray Shirt,2890,3401,Denim
1120.jpg,black,84%,Black Shirt,2681,3083,Linen
1121.jpg,black,83%,Black Shirt,2831,3335,Cotton
1122.jpg,gray,80%,Gray Shirt,2688,3406,Denim
1123.jpg,white,48%,White Shirt,2617,3312,Denim
1124.jpg,gray,58%,Gray Shirt,2822,3234,Cotton
1125.jpg,unknown,83%,Stylish Shirt,2803,3213,Linen
1126.jpg,black,69%,Black Shirt,2633,3179,Wool
1127.jpg,white,51%,White Shirt,2124,2521,Polyester
1128.jpg,gray,79%,Gray Shirt,2214,2738,Wool
1129.jpg,white,46%,White Shirt,2681,3381,Polyester
113.jpg,gray,60%,Gray Shirt,1844,2422,Wool
1130.jpg,gray,58%,Gray Shirt,1535,2263,Wool
1131.jpg,gray,53%,Gray Shirt,2027,2690,Wool
1132.jpg,white,57%,White Shirt,2480,2982,Cotton
1133.jpg,white,52%,White Shirt,1766,2413,Polyester
1134.jpg,gray,81%,Gray Shirt,1859,2238,Wool
1135.jpg,white,67%,White Shirt,2051,2808,Silk
1136.jpg,unknown,77%,Stylish Shirt,2638,3245,Denim
1137.jpg,white,41%,White Shirt,2679,3247,Cotton
1138.jpg,white,63%,White Shirt,2925,3632,Wool
1139.jpg,unknown,78%,Stylish Shirt,2198,2966,Wool
114.jpg,black,40%,Black Shirt,1805,2408,Wool
1140.jpg,white,88%,White Shirt,2399,2833,Silk
1141.jpg,black,83%,Black Shirt,2697,3170,Linen
1142.jpg,black,77%,Black Shirt,1609,2063,Linen
1143.jpg,black,62%,Black Shirt,2315,2762,Polyester
1144.jpg,white,65%,White Shirt,2385,2935,Denim
1145.jpg,unknown,79%,Stylish Shirt,2645,3169,Wool
1146.jpg,white,48%,White Shirt,2767,3323,Denim
1147.jpg,white,61%,White Shirt,2505,2882,Silk
1148.jpg,gray,79%,Gray Shirt,2826,3525,Linen
1149.jpg,black,79%,Black Shirt,1849,2467,Linen
115.jpg,white,67%,White Shirt,1545,2256,Denim
1150.jpg,white,78%,White Shirt,2667,3297,Wool
1151.jpg,black,66%,Black Shirt,2186,2959,Silk
1152.jpg,white,38%,White Shirt,2845,3427,Cotton
1153.jpg,gray,82%,Gray Shirt,1679,2103,Polyester
1154.jpg,black,79%,Black Shirt,2608,3167,Wool
1155.jpg,blue,81%,Blue Shirt,1796,2565,Cotton
1156.jpg,black,81%,Black Shirt,1591,1891,Linen
1157.jpg,blue,78%,Blue Shirt,2041,2583,Silk
1158.jpg,black,75%,Black Shirt,1864,2224,Polyester
1159.jpg,unknown,48%,Stylish Shirt,1560,1881,Wool
116.jpg,black,38%,Black Shirt,2938,3577,Polyester
1160.jpg,white,65%,White Shirt,1552,2039,Denim
1161.jpg,yellow,79%,Yellow Shirt,2232,2929,Linen
1162.jpg,black,79%,Black Shirt,2107,2845,Silk
1163.jpg,black,79%,Black Shirt,2791,3513,Silk
1164.jpg,white,38%,White Shirt,2324,2797,Denim
1165.jpg,gray,77%,Gray Shirt,2130,2482,Wool
1166.jpg,unknown,76%,Stylish Shirt,1857,2487,Cotton
1167.jpg,white,55%,White Shirt,2372,3142,Denim
1168.jpg,white,92%,White Shirt,1755,2071,Linen
1169.jpg,blue,81%,Blue Shirt,2944,3247,Silk
117.jpg,white,81%,White Shirt,2273,2944,Denim
1170.jpg,white,39%,White Shirt,2191,2907,Denim
1171.jpg,black,43%,Black Shirt,2512,3250,Denim
1172.jpg,unknown,77%,Stylish Shirt,2560,2889,Polyester
1173.jpg,black,74%,Black Shirt,2073,2648,Linen
1174.jpg,white,62%,White Shirt,2739,3256,Denim
1175.jpg,blue,51%,Blue Shirt,1991,2406,Silk
1176.jpg,gray,80%,Gray Shirt,1866,2519,Silk
1177.jpg,white,52%,White Shirt,2535,3289,Polyester
1178.jpg,blue,81%,Blue Shirt,1681,2024,Linen
1179.jpg,white,60%,White Shirt,1944,2566,Denim
118.jpg,gray,55%,Gray Shirt,2175,2557,Denim
1180.jpg,gray,83%,Gray Shirt,2845,3277,Denim
1181.jpg,white,56%,White Shirt,2830,3415,Linen
1182.jpg,gray,50%,Gray Shirt,2823,3124,Wool
1183.jpg,blue,81%,Blue Shirt,2418,3029,Cotton
1184.jpg,white,55%,White Shirt,2068,2541,Cotton
1185.jpg,unknown,78%,Stylish Shirt,2492,3077,Silk
1186.jpg,white,59%,White Shirt,1503,2037,Polyester
1187.jpg,unknown,43%,Stylish Shirt,1725,2130,Linen
1188.jpg,unknown,84%,Stylish Shirt,2858,3386,Wool
1189.jpg,black,72%,Black Shirt,2595,3297,Silk
119.jpg,gray,82%,Gray Shirt,2965,3598,Wool
1190.jpg,black,75%,Black Shirt,2443,2824,Silk
1191.jpg,gray,83%,Gray Shirt,2941,3262,Polyester
1192.jpg,black,83%,Black Shirt,2449,2830,Cotton
1193.jpg,black,78%,Black Shirt,1566,1983,Cotton
1194.jpg,gray,78%,Gray Shirt,1819,2236,Polyester
1195.jpg,blue,78%,Blue Shirt,1855,2633,Denim
1196.jpg,blue,79%,Blue Shirt,1680,2105,Silk
1197.jpg,black,78%,Black Shirt,1679,2220,Linen
1198.jpg,gray,53%,Gray Shirt,2053,2552,Silk
1199.jpg,white,81%,White Shirt,1652,2128,Wool
12.jpg,black,63%,Black Shirt,2564,2942,Polyester
120.jpg,unknown,81%,Stylish Shirt,2073,2475,Cotton
1200.jpg,white,46%,White Shirt,2089,2439,Denim
1201.jpg,black,79%,Black Shirt,2374,3026,Wool
1202.jpg,blue,75%,Blue Shirt,2762,3068,Denim
1203.jpg,gray,57%,Gray Shirt,2852,3226,Linen
1204.jpg,white,73%,White Shirt,2942,3397,Linen
1205.jpg,black,81%,Black Shirt,2281,2916,Silk
1206.jpg,black,78%,Black Shirt,1822,2505,Polyester
1207.jpg,white,60%,White Shirt,1899,2479,Wool
1208.jpg,white,42%,White Shirt,2835,3619,Polyester
1209.jpg,blue,77%,Blue Shirt,2153,2607,Cotton
121.jpg,black,59%,Black Shirt,1633,2265,Silk
1210.jpg,white,38%,White Shirt,1591,2230,Denim
1211.jpg,black,74%,Black Shirt,2869,3526,Wool
1212.jpg,unknown,57%,Stylish Shirt,2870,3206,Wool
1213.jpg,unknown,65%,Stylish Shirt,1975,2657,Polyester
1214.jpg,white,72%,White Shirt,2527,3121,Linen
1215.jpg,blue,79%,Blue Shirt,2212,2570,Denim
1216.jpg,white,62%,White Shirt,2348,3113,Wool
1217.jpg,yellow,77%,Yellow Shirt,1893,2333,Cotton
1218.jpg,gray,72%,Gray Shirt,2460,2875,Linen
1219.jpg,unknown,81%,Stylish Shirt,2698,3269,Wool
122.jpg,gray,41%,Gray Shirt,2255,2806,Cotton
1220.jpg,white,68%,White Shirt,3000,3365,Denim
1221.jpg,white,46%,White Shirt,2265,2594,Cotton
1222.jpg,unknown,76%,Stylish Shirt,2321,2946,Cotton
1223.jpg,white,64%,White Shirt,2216,2606,Denim
1224.jpg,gray,73%,Gray Shirt,1715,2043,Linen
1225.jpg,white,61%,White Shirt,2954,3736,Silk
1226.jpg,blue,80%,Blue Shirt,2348,2920,Linen
1227.jpg,red,79%,Red Shirt,2612,3328,Linen
1228.jpg,white,75%,White Shirt,1577,1894,Silk
1229.jpg,gray,80%,Gray Shirt,2231,2780,Denim
123.jpg,white,90%,White Shirt,2535,3176,Silk
1230.jpg,gray,80%,Gray Shirt,2443,2830,Denim
1231.jpg,white,52%,White Shirt,2830,3242,Polyester
1232.jpg,black,74%,Black Shirt,2218,2944,Silk
1233.jpg,black,77%,Black Shirt,2337,3031,Linen
1234.jpg,unknown,52%,Stylish Shirt,2585,3304,Cotton
1235.jpg,black,84%,Black Shirt,1956,2617,Linen
1236.jpg,white,46%,White Shirt,2470,2995,Silk
1237.jpg,gray,77%,Gray Shirt,2168,2916,Cotton
1238.jpg,white,55%,White Shirt,2216,3013,Polyester
1239.jpg,white,62%,White Shirt,2729,3347,Silk
124.jpg,white,78%,White Shirt,2887,3537,Polyester
1240.jpg,gray,79%,Gray Shirt,1938,2659,Polyester
1241.jpg,white,46%,White Shirt,2351,3090,Denim
1242.jpg,white,45%,White Shirt,2271,2715,Denim
1243.jpg,white,47%,White Shirt,1839,2186,Cotton
1244.jpg,white,47%,White Shirt,2176,2780,Polyester
1245.jpg,white,37%,White Shirt,2089,2834,Linen
1246.jpg,blue,76%,Blue Shirt,2475,2855,Cotton
1247.jpg,unknown,53%,Stylish Shirt,1725,2280,Cotton
1248.jpg,black,82%,Black Shirt,1968,2402,Polyester
1249.jpg,unknown,55%,Stylish Shirt,2475,2906,Linen
125.jpg,white,46%,White Shirt,2498,3275,Polyester
1250.jpg,black,82%,Black Shirt,2956,3651,Denim
1251.jpg,white,63%,White Shirt,2360,3039,Cotton
1252.jpg,black,75%,Black Shirt,2468,3195,Linen
1253.jpg,unknown,81%,Stylish Shirt,1621,2250,Linen
1254.jpg,blue,74%,Blue Shirt,1918,2655,Denim
1255.jpg,black,78%,Black Shirt,1621,1973,Wool
1256.jpg,black,78%,Black Shirt,2095,2832,Wool
1257.jpg,unknown,80%,Stylish Shirt,2193,2787,Linen
1258.jpg,black,75%,Black Shirt,2036,2413,Denim
1259.jpg,white,81%,White Shirt,1714,2085,Linen
126.jpg,unknown,48%,Stylish Shirt,2684,3422,Cotton
1260.jpg,blue,49%,Blue Shirt,2605,2983,Linen
1261.jpg,gray,58%,Gray Shirt,1888,2193,Linen
1262.jpg,black,77%,Black Shirt,2674,3129,Cotton
1263.jpg,gray,73%,Gray Shirt,2989,3692,Polyester
1264.jpg,black,77%,Black Shirt,2726,3412,Wool
1265.jpg,black,81%,Black Shirt,2279,2756,Denim
1266.jpg,white,49%,White Shirt,2781,3437,Linen
1267.jpg,white,52%,White Shirt,1633,2335,Denim
1268.jpg,white,57%,White Shirt,2758,3527,Wool
1269.jpg,white,58%,White Shirt,1789,2429,Linen
127.jpg,black,72%,Black Shirt,2209,2783,Polyester
1270.jpg,gray,78%,Gray Shirt,1899,2567,Cotton
1271.jpg,black,77%,Black Shirt,2661,3220,Denim
1272.jpg,red,80%,Red Shirt,2354,3154,Cotton
1273.jpg,black,77%,Black Shirt,2781,3404,Denim
1274.jpg,gray,77%,Gray Shirt,1936,2289,Silk
1275.jpg,white,46%,White Shirt,2147,2671,Wool
1276.jpg,blue,56%,Blue Shirt,2740,3344,Cotton
1277.jpg,gray,76%,Gray Shirt,1692,2345,Denim
1278.jpg,blue,76%,Blue Shirt,1868,2362,Wool
1279.jpg,black,72%,Black Shirt,1614,2099,Linen
128.jpg,unknown,40%,Stylish Shirt,2027,2570,Linen
1280.jpg,gray,83%,Gray Shirt,2966,3276,Polyester
1281.jpg,white,60%,White Shirt,2827,3342,Denim
1282.jpg,white,92%,White Shirt,2068,2858,Linen
1283.jpg,gray,77%,Gray Shirt,2802,3320,Wool
1284.jpg,white,80%,White Shirt,2868,3585,Denim
1285.jpg,unknown,69%,Stylish Shirt,1694,2434,Denim
1286.jpg,white,44%,White Shirt,2314,2719,Wool
1287.jpg,unknown,44%,Stylish Shirt,1978,2747,Silk
1288.jpg,black,81%,Black Shirt,2986,3750,Polyester
1289.jpg,white,58%,White Shirt,1897,2559,Wool
129.jpg,unknown,61%,Stylish Shirt,2160,2548,Polyester
1290.jpg,white,56%,White Shirt,2372,3072,Cotton
1291.jpg,unknown,80%,Stylish Shirt,2301,2774,Denim
1292.jpg,white,44%,White Shirt,2794,3124,Denim
1293.jpg,gray,48%,Gray Shirt,2880,3280,Wool
1294.jpg,black,83%,Black Shirt,2046,2479,Denim
1295.jpg,black,80%,Black Shirt,2569,2938,Linen
1296.jpg,black,80%,Black Shirt,1870,2473,Cotton
1297.jpg,gray,47%,Gray Shirt,2559,3264,Wool
1298.jpg,black,72%,Black Shirt,2651,3350,Polyester
1299.jpg,gray,81%,Gray Shirt,2668,3297,Cotton
13.jpg,white,42%,White Shirt,1500,2208,Wool
130.jpg,unknown,42%,Stylish Shirt,2189,2879,Linen
1300.jpg,white,49%,White Shirt,2998,3549,Denim
1301.jpg,unknown,57%,Stylish Shirt,1979,2493,Polyester
1302.jpg,gray,81%,Gray Shirt,2664,3202,Cotton
1303.jpg,gray,66%,Gray Shirt,2672,3246,Wool
1304.jpg,green,49%,Green Shirt,2495,3128,Wool
1305.jpg,black,73%,Black Shirt,2189,2727,Linen
1306.jpg,blue,43%,Blue Shirt,1831,2343,Wool
1307.jpg,black,55%,Black Shirt,1685,2426,Linen
1308.jpg,white,92%,White Shirt,2487,2941,Linen
1309.jpg,white,58%,White Shirt,2842,3493,Wool
131.jpg,black,51%,Black Shirt,1518,2026,Wool
1310.jpg,yellow,79%,Yellow Shirt,2220,2833,Silk
1311.jpg,white,75%,White Shirt,2624,3158,Linen
1312.jpg,white,64%,White Shirt,2028,2542,Wool
1313.jpg,yellow,78%,Yellow Shirt,1868,2632,Silk
1314.jpg,white,57%,White Shirt,2187,2592,Cotton
1315.jpg,white,66%,White Shirt,2084,2456,Silk
1316.jpg,unknown,69%,Stylish Shirt,1816,2259,Polyester
1317.jpg,gray,60%,Gray Shirt,2547,2980,Wool
1318.jpg,blue,78%,Blue Shirt,2045,2641,Polyester
1319.jpg,black,76%,Black Shirt,2930,3636,Cotton
132.jpg,unknown,51%,Stylish Shirt,2000,2424,Linen
1320.jpg,white,48%,White Shirt,2951,3432,Denim
1321.jpg,white,36%,White Shirt,2756,3106,Silk
1322.jpg,white,52%,White Shirt,2380,3016,Silk
1323.jpg,white,45%,White Shirt,2091,2621,Wool
1324.jpg,white,49%,White Shirt,2402,3035,Cotton
1325.jpg,unknown,76%,Stylish Shirt,2043,2705,Polyester
1326.jpg,white,43%,White Shirt,2351,2799,Wool
1327.jpg,gray,41%,Gray Shirt,2720,3224,Linen
1328.jpg,gray,77%,Gray Shirt,2887,3521,Silk
1329.jpg,white,41%,White Shirt,2637,3149,Silk
133.jpg,unknown,42%,Stylish Shirt,1528,1999,Cotton
1330.jpg,black,75%,Black Shirt,1929,2599,Denim
1331.jpg,black,78%,Black Shirt,1840,2548,Linen
1332.jpg,black,81%,Black Shirt,1591,2093,Wool
1333.jpg,blue,77%,Blue Shirt,2116,2631,Denim
1334.jpg,unknown,78%,Stylish Shirt,1524,2116,Polyester
1335.jpg,black,79%,Black Shirt,2285,2822,Denim
1336.jpg,black,74%,Black Shirt,2030,2366,Denim
1337.jpg,white,48%,White Shirt,2262,2770,Silk
1338.jpg,white,44%,White Shirt,1663,2436,Wool
1339.jpg,black,72%,Black Shirt,2709,3489,Polyester
134.jpg,unknown,66%,Stylish Shirt,1721,2424,Polyester
1340.jpg,unknown,47%,Stylish Shirt,2036,2551,Denim
1341.jpg,unknown,80%,Stylish Shirt,1980,2681,Silk
1342.jpg,white,36%,White Shirt,1903,2648,Polyester
1343.jpg,unknown,82%,Stylish Shirt,2567,3359,Wool
1344.jpg,gray,79%,Gray Shirt,2011,2583,Wool
1345.jpg,gray,80%,Gray Shirt,1907,2422,Silk
1346.jpg,blue,78%,Blue Shirt,2504,3166,Wool
1347.jpg,white,43%,White Shirt,1925,2665,Wool
1348.jpg,white,80%,White Shirt,2860,3496,Wool
1349.jpg,gray,78%,Gray Shirt,2997,3433,Wool
135.jpg,black,65%,Black Shirt,1650,2333,Wool
1350.jpg,white,49%,White Shirt,1941,2346,Silk
1351.jpg,white,92%,White Shirt,2609,3395,Silk
1352.jpg,black,70%,Black Shirt,1923,2279,Cotton
1353.jpg,white,58%,White Shirt,2407,2972,Silk
1354.jpg,black,78%,Black Shirt,2901,3514,Denim
1355.jpg,black,76%,Black Shirt,2262,2739,Silk
1356.jpg,black,76%,Black Shirt,1653,2082,Silk
1357.jpg,black,76%,Black Shirt,1765,2522,Polyester
1358.jpg,white,44%,White Shirt,2771,3461,Cotton
1359.jpg,white,76%,White Shirt,2495,2850,Polyester
136.jpg,gray,44%,Gray Shirt,2239,2679,Wool
1360.jpg,black,81%,Black Shirt,2860,3273,Denim
1361.jpg,black,71%,Black Shirt,2510,2849,Linen
1362.jpg,white,91%,White Shirt,2366,3126,Denim
1363.jpg,gray,79%,Gray Shirt,2084,2440,Linen
1364.jpg,gray,58%,Gray Shirt,2514,3064,Polyester
1365.jpg,blue,76%,Blue Shirt,2708,3320,Cotton
1366.jpg,black,69%,Black Shirt,1613,2388,Polyester
1367.jpg,white,67%,White Shirt,2684,3261,Silk
1368.jpg,unknown,75%,Stylish Shirt,2725,3118,Silk
1369.jpg,white,84%,White Shirt,1856,2331,Cotton
137.jpg,black,54%,Black Shirt,1699,2380,Polyester
1370.jpg,blue,83%,Blue Shirt,2927,3294,Denim
1371.jpg,black,70%,Black Shirt,2729,3159,Polyester
1372.jpg,gray,83%,Gray Shirt,2087,2568,Cotton
1373.jpg,black,73%,Black Shirt,2089,2493,Linen
1374.jpg,unknown,79%,Stylish Shirt,2460,2944,Linen
1375.jpg,blue,87%,Blue Shirt,2153,2882,Cotton
1376.jpg,unknown,58%,Stylish Shirt,2901,3374,Wool
1377.jpg,gray,75%,Gray Shirt,2953,3574,Polyester
1378.jpg,unknown,88%,Stylish Shirt,1855,2174,Wool
1379.jpg,blue,78%,Blue Shirt,2114,2870,Silk
138.jpg,unknown,51%,Stylish Shirt,1887,2434,Denim
1380.jpg,gray,47%,Gray Shirt,2468,3028,Polyester
1381.jpg,white,55%,White Shirt,2150,2462,Cotton
1382.jpg,green,48%,Green Shirt,1542,2001,Wool
1383.jpg,brown,82%,Brown Shirt,1588,2199,Cotton
1384.jpg,black,81%,Black Shirt,2322,2797,Denim
1385.jpg,black,80%,Black Shirt,2237,2614,Polyester
1386.jpg,white,63%,White Shirt,2383,2846,Cotton
1387.jpg,unknown,84%,Stylish Shirt,2169,2668,Polyester
1388.jpg,gray,82%,Gray Shirt,2478,3146,Wool
1389.jpg,gray,68%,Gray Shirt,2289,3014,Denim
139.jpg,white,54%,White Shirt,2700,3057,Wool
1390.jpg,pink,76%,Pink Shirt,1958,2556,Wool
1391.jpg,blue,81%,Blue Shirt,2791,3239,Denim
1392.jpg,gray,80%,Gray Shirt,2705,3374,Wool
1393.jpg,white,46%,White Shirt,2046,2786,Denim
1394.jpg,white,50%,White Shirt,1733,2352,Silk
1395.jpg,gray,83%,Gray Shirt,1782,2243,Polyester
1396.jpg,black,79%,Black Shirt,2688,3123,Denim
1397.jpg,black,74%,Black Shirt,1775,2567,Cotton
1398.jpg,white,53%,White Shirt,2579,3275,Silk
1399.jpg,blue,80%,Blue Shirt,2393,3044,Denim
14.jpg,black,59%,Black Shirt,2175,2841,Linen
140.jpg,black,83%,Black Shirt,1765,2273,Polyester
1400.jpg,blue,82%,Blue Shirt,2777,3371,Wool
1401.jpg,black,79%,Black Shirt,2348,3080,Silk
1402.jpg,white,96%,White Shirt,2146,2545,Polyester
1403.jpg,black,82%,Black Shirt,1797,2396,Denim
1404.jpg,white,62%,White Shirt,1784,2216,Denim
1405.jpg,black,75%,Black Shirt,2754,3334,Silk
1406.jpg,gray,78%,Gray Shirt,2536,3120,Denim
1407.jpg,gray,76%,Gray Shirt,1591,2155,Wool
1408.jpg,gray,82%,Gray Shirt,1972,2557,Polyester
1409.jpg,gray,80%,Gray Shirt,1808,2224,Wool
141.jpg,blue,69%,Blue Shirt,1727,2469,Cotton
1410.jpg,gray,42%,Gray Shirt,2153,2869,Linen
1411.jpg,white,47%,White Shirt,2698,3159,Linen
1412.jpg,white,73%,White Shirt,2563,3201,Polyester
1413.jpg,white,51%,White Shirt,1502,1897,Denim
1414.jpg,black,75%,Black Shirt,2114,2569,Polyester
1415.jpg,gray,48%,Gray Shirt,2820,3287,Wool
1416.jpg,gray,59%,Gray Shirt,2950,3312,Wool
1417.jpg,gray,42%,Gray Shirt,2812,3507,Denim
1418.jpg,white,54%,White Shirt,2202,2968,Polyester
1419.jpg,white,60%,White Shirt,1536,2299,Silk
142.jpg,black,74%,Black Shirt,2498,3275,Denim
1420.jpg,black,80%,Black Shirt,2019,2797,Wool
1421.jpg,gray,44%,Gray Shirt,1929,2250,Silk
1422.jpg,gray,79%,Gray Shirt,2178,2936,Denim
1423.jpg,unknown,76%,Stylish Shirt,2591,3222,Cotton
1424.jpg,black,78%,Black Shirt,1798,2156,Polyester
1425.jpg,blue,80%,Blue Shirt,2665,3411,Denim
1426.jpg,black,78%,Black Shirt,2033,2748,Denim
1427.jpg,black,76%,Black Shirt,1977,2671,Wool
1428.jpg,black,81%,Black Shirt,2512,3078,Silk
1429.jpg,black,81%,Black Shirt,2556,2945,Polyester
143.jpg,gray,69%,Gray Shirt,2364,2792,Polyester
1430.jpg,white,46%,White Shirt,1799,2193,Cotton
1431.jpg,black,81%,Black Shirt,1573,2363,Wool
1432.jpg,black,71%,Black Shirt,2773,3379,Silk
1433.jpg,white,61%,White Shirt,2133,2579,Polyester
1434.jpg,black,77%,Black Shirt,2613,3061,Cotton
1435.jpg,unknown,82%,Stylish Shirt,1718,2080,Polyester
1436.jpg,white,60%,White Shirt,2633,3298,Polyester
1437.jpg,white,96%,White Shirt,2617,3219,Polyester
1438.jpg,unknown,82%,Stylish Shirt,2116,2493,Cotton
1439.jpg,blue,78%,Blue Shirt,2669,3056,Cotton
144.jpg,black,72%,Black Shirt,2737,3204,Silk
1440.jpg,unknown,77%,Stylish Shirt,2990,3748,Silk
1441.jpg,white,37%,White Shirt,2386,3131,Linen
1442.jpg,gray,62%,Gray Shirt,2770,3398,Cotton
1443.jpg,blue,79%,Blue Shirt,2922,3313,Wool
1444.jpg,unknown,77%,Stylish Shirt,2586,2932,Denim
1445.jpg,white,88%,White Shirt,2700,3494,Silk
1446.jpg,white,76%,White Shirt,1861,2572,Denim
1447.jpg,black,77%,Black Shirt,1921,2256,Polyester
1448.jpg,black,76%,Black Shirt,2684,3022,Silk
1449.jpg,black,78%,Black Shirt,2514,3169,Silk
145.jpg,white,59%,White Shirt,2398,2889,Polyester
1450.jpg,white,61%,White Shirt,2900,3444,Cotton
1451.jpg,unknown,78%,Stylish Shirt,1574,2034,Silk
1452.jpg,white,51%,White Shirt,2667,3120,Denim
1453.jpg,gray,78%,Gray Shirt,1803,2551,Wool
1454.jpg,gray,42%,Gray Shirt,2393,2702,Polyester
1455.jpg,black,69%,Black Shirt,1639,2198,Denim
1456.jpg,white,91%,White Shirt,2484,3047,Cotton
1457.jpg,white,60%,White Shirt,1722,2513,Polyester
1458.jpg,unknown,81%,Stylish Shirt,1675,2056,Silk
1459.jpg,black,76%,Black Shirt,2275,2710,Silk
146.jpg,yellow,86%,Yellow Shirt,2938,3551,Wool
1460.jpg,blue,78%,Blue Shirt,1570,1892,Polyester
1461.jpg,black,71%,Black Shirt,2181,2703,Polyester
1462.jpg,white,50%,White Shirt,1550,2018,Polyester
1463.jpg,black,79%,Black Shirt,2823,3568,Linen
1464.jpg,black,74%,Black Shirt,1765,2460,Cotton
1465.jpg,gray,44%,Gray Shirt,1778,2228,Wool
1466.jpg,white,55%,White Shirt,2573,3335,Wool
1467.jpg,white,56%,White Shirt,1951,2747,Cotton
1468.jpg,white,48%,White Shirt,2366,2909,Wool
1469.jpg,blue,73%,Blue Shirt,2277,2878,Silk
147.jpg,white,69%,White Shirt,1623,2109,Polyester
1470.jpg,yellow,81%,Yellow Shirt,1544,2225,Denim
1471.jpg,gray,38%,Gray Shirt,1643,2420,Denim
1472.jpg,gray,71%,Gray Shirt,1940,2620,Wool
1473.jpg,gray,72%,Gray Shirt,1830,2309,Silk
1474.jpg,unknown,79%,Stylish Shirt,2279,3021,Cotton
1475.jpg,white,36%,White Shirt,2517,3056,Silk
1476.jpg,unknown,84%,Stylish Shirt,1750,2245,Wool
1477.jpg,blue,78%,Blue Shirt,2309,2689,Silk
1478.jpg,black,69%,Black Shirt,1984,2558,Polyester
1479.jpg,white,94%,White Shirt,2239,2560,Cotton
148.jpg,white,51%,White Shirt,2094,2543,Polyester
1480.jpg,white,56%,White Shirt,2554,2894,Wool
1481.jpg,gray,77%,Gray Shirt,2263,2721,Linen
1482.jpg,unknown,80%,Stylish Shirt,2316,2865,Polyester
1483.jpg,white,94%,White Shirt,2212,2633,Wool
1484.jpg,white,62%,White Shirt,2323,2883,Wool
1485.jpg,white,61%,White Shirt,2388,2998,Wool
1486.jpg,white,60%,White Shirt,2017,2535,Wool
1487.jpg,gray,40%,Gray Shirt,2325,3090,Wool
1488.jpg,white,56%,White Shirt,1704,2234,Wool
1489.jpg,white,50%,White Shirt,2625,3247,Linen
149.jpg,white,50%,White Shirt,2870,3608,Wool
1490.jpg,yellow,78%,Yellow Shirt,2259,2773,Polyester
1491.jpg,gray,45%,Gray Shirt,2683,3478,Linen
1492.jpg,black,76%,Black Shirt,1639,2080,Cotton
1493.jpg,gray,45%,Gray Shirt,1881,2276,Denim
1494.jpg,white,86%,White Shirt,2787,3333,Linen
1495.jpg,black,80%,Black Shirt,2768,3369,Silk
1496.jpg,black,84%,Black Shirt,2042,2359,Denim
1497.jpg,black,85%,Black Shirt,2832,3537,Silk
1498.jpg,unknown,78%,Stylish Shirt,1973,2534,Denim
1499.jpg,white,60%,White Shirt,2314,3037,Denim
15.jpg,black,75%,Black Shirt,2112,2793,Wool
150.jpg,black,60%,Black Shirt,2974,3579,Linen
1500.jpg,black,83%,Black Shirt,2012,2717,Wool
1501.jpg,white,40%,White Shirt,2023,2676,Polyester
1502.jpg,white,47%,White Shirt,2426,2788,Wool
1503.jpg,white,57%,White Shirt,1670,2173,Denim
1504.jpg,white,39%,White Shirt,2579,3330,Silk
1505.jpg,white,42%,White Shirt,1781,2545,Silk
1506.jpg,white,75%,White Shirt,2792,3428,Polyester
1507.jpg,white,97%,White Shirt,1912,2639,Polyester
1508.jpg,white,40%,White Shirt,1877,2338,Denim
1509.jpg,white,48%,White Shirt,2155,2906,Silk
151.jpg,white,43%,White Shirt,2458,2770,Cotton
1510.jpg,gray,79%,Gray Shirt,1546,2246,Wool
1511.jpg,white,80%,White Shirt,2986,3630,Denim
1512.jpg,gray,77%,Gray Shirt,2828,3384,Cotton
1513.jpg,black,72%,Black Shirt,2301,2654,Linen
1514.jpg,white,46%,White Shirt,2159,2770,Denim
1515.jpg,blue,79%,Blue Shirt,2363,2797,Linen
1516.jpg,unknown,70%,Stylish Shirt,2346,2822,Linen
1517.jpg,unknown,50%,Stylish Shirt,1741,2397,Polyester
1518.jpg,white,74%,White Shirt,1705,2027,Silk
1519.jpg,gray,46%,Gray Shirt,2819,3367,Linen
152.jpg,white,56%,White Shirt,2407,2861,Silk
1520.jpg,black,73%,Black Shirt,2070,2735,Linen
1521.jpg,blue,78%,Blue Shirt,2578,3177,Linen
1522.jpg,blue,84%,Blue Shirt,2233,2582,Silk
1523.jpg,black,81%,Black Shirt,2016,2641,Cotton
1524.jpg,blue,82%,Blue Shirt,2660,3356,Cotton
1525.jpg,blue,45%,Blue Shirt,2077,2873,Wool
1526.jpg,black,77%,Black Shirt,2882,3477,Denim
1527.jpg,yellow,72%,Yellow Shirt,2237,2848,Wool
1528.jpg,unknown,82%,Stylish Shirt,2282,2778,Polyester
1529.jpg,white,61%,White Shirt,2976,3285,Linen
153.jpg,white,56%,White Shirt,1592,1972,Wool
1530.jpg,white,62%,White Shirt,1719,2270,Cotton
1531.jpg,white,63%,White Shirt,2434,3200,Wool
1532.jpg,black,76%,Black Shirt,1849,2383,Denim
1533.jpg,white,62%,White Shirt,2220,2939,Wool
1534.jpg,blue,78%,Blue Shirt,2305,3105,Silk
1535.jpg,black,81%,Black Shirt,2063,2834,Silk
1536.jpg,blue,79%,Blue Shirt,1736,2382,Silk
1537.jpg,white,61%,White Shirt,1759,2201,Wool
1538.jpg,gray,48%,Gray Shirt,2301,2931,Cotton
1539.jpg,white,49%,White Shirt,2041,2401,Polyester
154.jpg,black,67%,Black Shirt,1861,2229,Polyester
1540.jpg,blue,54%,Blue Shirt,1543,2331,Silk
1541.jpg,blue,77%,Blue Shirt,2940,3334,Denim
1542.jpg,white,63%,White Shirt,2071,2751,Polyester
1543.jpg,white,39%,White Shirt,2141,2785,Silk
1544.jpg,white,54%,White Shirt,2887,3365,Polyester
1545.jpg,black,71%,Black Shirt,1907,2414,Cotton
1546.jpg,blue,76%,Blue Shirt,2003,2590,Denim
1547.jpg,black,77%,Black Shirt,1508,1911,Silk
1548.jpg,black,76%,Black Shirt,1619,2270,Linen
1549.jpg,gray,53%,Gray Shirt,1854,2335,Polyester
155.jpg,unknown,36%,Stylish Shirt,1626,2340,Linen
1550.jpg,black,77%,Black Shirt,1639,2298,Cotton
1551.jpg,black,80%,Black Shirt,2714,3382,Linen
1552.jpg,black,64%,Black Shirt,2507,2870,Cotton
1553.jpg,black,48%,Black Shirt,1960,2512,Linen
1554.jpg,black,74%,Black Shirt,2201,2708,Wool
1555.jpg,gray,45%,Gray Shirt,2631,3282,Linen
1556.jpg,black,78%,Black Shirt,2147,2477,Cotton
1557.jpg,black,79%,Black Shirt,1916,2276,Cotton
1558.jpg,unknown,80%,Stylish Shirt,2495,3262,Wool
1559.jpg,blue,80%,Blue Shirt,2816,3450,Linen
156.jpg,black,39%,Black Shirt,2656,3308,Polyester
1560.jpg,black,73%,Black Shirt,2803,3302,Polyester
1561.jpg,blue,78%,Blue Shirt,2406,2752,Cotton
1562.jpg,white,78%,White Shirt,2558,3309,Silk
1563.jpg,unknown,77%,Stylish Shirt,1710,2494,Denim
1564.jpg,white,57%,White Shirt,2583,3030,Wool
1565.jpg,white,51%,White Shirt,1692,2165,Cotton
1566.jpg,unknown,80%,Stylish Shirt,1521,1835,Wool
1567.jpg,unknown,46%,Stylish Shirt,2964,3265,Polyester
1568.jpg,unknown,78%,Stylish Shirt,2755,3426,Polyester
1569.jpg,black,81%,Black Shirt,2191,2567,Silk
157.jpg,gray,64%,Gray Shirt,2834,3199,Wool
1570.jpg,black,72%,Black Shirt,2715,3389,Polyester
1571.jpg,unknown,47%,Stylish Shirt,2150,2865,Silk
1572.jpg,white,52%,White Shirt,1620,2179,Linen
1573.jpg,gray,80%,Gray Shirt,2899,3356,Cotton
1574.jpg,gray,80%,Gray Shirt,1966,2508,Denim
1575.jpg,white,38%,White Shirt,1623,2106,Polyester
1576.jpg,white,48%,White Shirt,2125,2905,Linen
1577.jpg,yellow,37%,Yellow Shirt,2889,3248,Cotton
1578.jpg,blue,76%,Blue Shirt,1722,2478,Polyester
1579.jpg,blue,78%,Blue Shirt,1734,2233,Linen
158.jpg,black,53%,Black Shirt,1885,2629,Wool
1580.jpg,white,50%,White Shirt,2595,2910,Cotton
1581.jpg,unknown,79%,Stylish Shirt,2292,3037,Polyester
1582.jpg,black,73%,Black Shirt,2867,3323,Polyester
1583.jpg,white,59%,White Shirt,2986,3606,Linen
1584.jpg,blue,77%,Blue Shirt,2921,3319,Cotton
1585.jpg,unknown,78%,Stylish Shirt,1986,2743,Silk
1586.jpg,blue,75%,Blue Shirt,2010,2425,Linen
1587.jpg,gray,76%,Gray Shirt,2293,2602,Silk
1588.jpg,unknown,75%,Stylish Shirt,2033,2621,Wool
1589.jpg,white,62%,White Shirt,1820,2482,Denim
159.jpg,black,54%,Black Shirt,2652,3211,Silk
1590.jpg,unknown,47%,Stylish Shirt,1686,2144,Linen
1591.jpg,white,58%,White Shirt,2268,2834,Wool
1592.jpg,white,39%,White Shirt,2590,2956,Cotton
1593.jpg,black,78%,Black Shirt,2392,3093,Linen
1594.jpg,blue,79%,Blue Shirt,1655,2109,Linen
1595.jpg,unknown,80%,Stylish Shirt,1700,2104,Polyester
1596.jpg,white,62%,White Shirt,2022,2358,Polyester
1597.jpg,blue,47%,Blue Shirt,2254,2579,Wool
1598.jpg,black,79%,Black Shirt,1961,2409,Denim
1599.jpg,white,55%,White Shirt,1983,2589,Wool
16.jpg,gray,66%,Gray Shirt,2591,2919,Wool
160.jpg,unknown,50%,Stylish Shirt,1635,2191,Polyester
1600.jpg,white,53%,White Shirt,1983,2476,Denim
1601.jpg,gray,52%,Gray Shirt,1952,2714,Cotton
1602.jpg,blue,77%,Blue Shirt,2394,2870,Linen
1603.jpg,black,79%,Black Shirt,2692,3282,Denim
1604.jpg,gray,79%,Gray Shirt,2872,3599,Silk
1605.jpg,black,75%,Black Shirt,1849,2305,Cotton
1606.jpg,white,45%,White Shirt,2999,3699,Silk
1607.jpg,white,74%,White Shirt,1763,2405,Denim
1608.jpg,black,81%,Black Shirt,1995,2578,Cotton
1609.jpg,blue,77%,Blue Shirt,1713,2340,Wool
161.jpg,white,53%,White Shirt,2690,3080,Cotton
1610.jpg,unknown,80%,Stylish Shirt,1782,2117,Wool
1611.jpg,white,35%,White Shirt,1835,2322,Polyester
1612.jpg,gray,56%,Gray Shirt,2683,3387,Polyester
1613.jpg,gray,82%,Gray Shirt,2005,2312,Polyester
1614.jpg,blue,57%,Blue Shirt,2819,3427,Wool
1615.jpg,black,75%,Black Shirt,2811,3294,Polyester
1616.jpg,blue,78%,Blue Shirt,1615,2207,Denim
1617.jpg,white,35%,White Shirt,1768,2158,Linen
1618.jpg,black,78%,Black Shirt,2771,3364,Wool
1619.jpg,gray,77%,Gray Shirt,1805,2554,Cotton
162.jpg,white,62%,White Shirt,2499,2926,Linen
1620.jpg,white,74%,White Shirt,1737,2047,Cotton
1621.jpg,white,50%,White Shirt,1528,2154,Denim
1622.jpg,gray,52%,Gray Shirt,2080,2487,Cotton
1623.jpg,white,61%,White Shirt,2089,2856,Cotton
1624.jpg,unknown,79%,Stylish Shirt,2445,3020,Polyester
1625.jpg,white,61%,White Shirt,1765,2139,Silk
1626.jpg,white,97%,White Shirt,2896,3595,Wool
1627.jpg,unknown,78%,Stylish Shirt,2541,3066,Wool
1628.jpg,white,60%,White Shirt,2947,3699,Linen
1629.jpg,black,81%,Black Shirt,1916,2703,Cotton
163.jpg,white,50%,White Shirt,1807,2197,Denim
1630.jpg,unknown,78%,Stylish Shirt,2377,3140,Cotton
1631.jpg,pink,59%,Pink Shirt,1990,2443,Wool
1632.jpg,white,59%,White Shirt,2235,2859,Silk
1633.jpg,blue,74%,Blue Shirt,2648,3185,Denim
1634.jpg,black,79%,Black Shirt,2474,3144,Linen
1635.jpg,green,73%,Green Shirt,2351,2865,Polyester
1636.jpg,white,45%,White Shirt,2992,3374,Wool
1637.jpg,unknown,78%,Stylish Shirt,1916,2471,Polyester
1638.jpg,white,58%,White Shirt,1967,2596,Linen
1639.jpg,blue,76%,Blue Shirt,2329,2756,Denim
164.jpg,unknown,84%,Stylish Shirt,1522,2189,Silk
1640.jpg,blue,80%,Blue Shirt,2581,3328,Wool
1641.jpg,white,77%,White Shirt,1526,1834,Wool
1642.jpg,green,48%,Green Shirt,1876,2449,Polyester
1643.jpg,white,52%,White Shirt,2352,2961,Wool
1644.jpg,unknown,80%,Stylish Shirt,2003,2614,Wool
1645.jpg,white,84%,White Shirt,2324,3073,Linen
1646.jpg,unknown,41%,Stylish Shirt,2848,3478,Linen
1647.jpg,white,58%,White Shirt,2555,3030,Wool
1648.jpg,white,46%,White Shirt,1682,2475,Polyester
1649.jpg,unknown,70%,Stylish Shirt,2490,2834,Silk
165.jpg,white,47%,White Shirt,2818,3263,Denim
1650.jpg,blue,82%,Blue Shirt,2058,2452,Polyester
1651.jpg,black,80%,Black Shirt,2099,2732,Silk
1652.jpg,blue,84%,Blue Shirt,2165,2518,Wool
1653.jpg,white,55%,White Shirt,2542,2958,Wool
1654.jpg,white,64%,White Shirt,2156,2491,Linen
1655.jpg,white,47%,White Shirt,2851,3499,Denim
1656.jpg,black,74%,Black Shirt,2077,2841,Silk
1657.jpg,white,58%,White Shirt,1917,2646,Polyester
1658.jpg,white,65%,White Shirt,2803,3121,Cotton
1659.jpg,blue,77%,Blue Shirt,1744,2218,Cotton
166.jpg,white,49%,White Shirt,2627,3054,Denim
1660.jpg,gray,66%,Gray Shirt,2653,3422,Polyester
1661.jpg,blue,78%,Blue Shirt,2393,2919,Denim
1662.jpg,white,93%,White Shirt,2248,2628,Wool
1663.jpg,gray,82%,Gray Shirt,1655,2198,Denim
1664.jpg,black,78%,Black Shirt,1615,2199,Cotton
1665.jpg,unknown,78%,Stylish Shirt,2916,3511,Wool
1666.jpg,blue,64%,Blue Shirt,2378,3137,Linen
1667.jpg,white,39%,White Shirt,2718,3075,Polyester
1668.jpg,white,40%,White Shirt,1686,2024,Polyester
1669.jpg,black,77%,Black Shirt,2964,3381,Polyester
167.jpg,black,39%,Black Shirt,2753,3118,Denim
1670.jpg,blue,71%,Blue Shirt,2204,2686,Wool
1671.jpg,white,47%,White Shirt,2587,2973,Silk
1672.jpg,green,80%,Green Shirt,2654,3169,Linen
1673.jpg,white,42%,White Shirt,1614,2231,Polyester
1674.jpg,white,50%,White Shirt,2939,3739,Denim
1675.jpg,black,74%,Black Shirt,2288,2940,Wool
1676.jpg,black,75%,Black Shirt,1538,2237,Silk
1677.jpg,black,77%,Black Shirt,2932,3251,Linen
1678.jpg,white,77%,White Shirt,2830,3302,Silk
1679.jpg,black,80%,Black Shirt,2456,3136,Cotton
168.jpg,white,46%,White Shirt,2033,2612,Polyester
1680.jpg,unknown,80%,Stylish Shirt,2228,2975,Linen
1681.jpg,black,83%,Black Shirt,1857,2437,Linen
1682.jpg,gray,80%,Gray Shirt,2693,3317,Silk
1683.jpg,white,59%,White Shirt,1666,1993,Silk
1684.jpg,unknown,82%,Stylish Shirt,2246,2675,Polyester
1685.jpg,blue,78%,Blue Shirt,2000,2493,Polyester
1686.jpg,white,62%,White Shirt,1969,2607,Denim
1687.jpg,white,56%,White Shirt,2603,3394,Linen
1688.jpg,white,40%,White Shirt,2377,2999,Wool
1689.jpg,black,77%,Black Shirt,2188,2974,Silk
169.jpg,unknown,38%,Stylish Shirt,1789,2284,Polyester
1690.jpg,white,47%,White Shirt,2845,3353,Polyester
1691.jpg,unknown,79%,Stylish Shirt,1566,2025,Silk
1692.jpg,black,72%,Black Shirt,1639,2076,Denim
1693.jpg,blue,78%,Blue Shirt,1632,2312,Linen
1694.jpg,white,50%,White Shirt,2419,2762,Cotton
1695.jpg,black,76%,Black Shirt,2204,2875,Linen
1696.jpg,black,82%,Black Shirt,2225,2647,Linen
1697.jpg,unknown,81%,Stylish Shirt,1636,2208,Polyester
1698.jpg,unknown,78%,Stylish Shirt,2385,2968,Wool
1699.jpg,black,75%,Black Shirt,2934,3521,Cotton
17.jpg,gray,42%,Gray Shirt,2674,3248,Cotton
170.jpg,black,77%,Black Shirt,2831,3440,Wool
1700.jpg,black,57%,Black Shirt,2964,3429,Linen
1701.jpg,gray,54%,Gray Shirt,2434,2785,Cotton
1702.jpg,gray,78%,Gray Shirt,1678,2052,Linen
1703.jpg,black,78%,Black Shirt,2997,3358,Silk
1704.jpg,black,62%,Black Shirt,2458,2758,Cotton
1705.jpg,black,78%,Black Shirt,1548,2344,Wool
1706.jpg,white,59%,White Shirt,2965,3585,Polyester
1707.jpg,black,81%,Black Shirt,1551,2307,Wool
1708.jpg,white,54%,White Shirt,1806,2202,Denim
1709.jpg,white,50%,White Shirt,1674,1980,Silk
171.jpg,white,52%,White Shirt,2982,3586,Silk
1710.jpg,blue,80%,Blue Shirt,2385,2984,Linen
1711.jpg,black,82%,Black Shirt,1505,1922,Wool
1712.jpg,white,35%,White Shirt,1807,2172,Wool
1713.jpg,unknown,80%,Stylish Shirt,2629,3420,Polyester
1714.jpg,white,48%,White Shirt,2948,3746,Denim
1715.jpg,black,79%,Black Shirt,1821,2506,Cotton
1716.jpg,blue,78%,Blue Shirt,1867,2533,Cotton
1717.jpg,white,47%,White Shirt,1877,2215,Cotton
1718.jpg,white,65%,White Shirt,2580,3124,Wool
1719.jpg,black,78%,Black Shirt,2389,2761,Wool
172.jpg,white,46%,White Shirt,2565,3200,Linen
1720.jpg,white,63%,White Shirt,2985,3468,Denim
1721.jpg,white,57%,White Shirt,2054,2380,Wool
1722.jpg,unknown,77%,Stylish Shirt,2000,2509,Cotton
1723.jpg,black,77%,Black Shirt,1683,2273,Polyester
1724.jpg,black,77%,Black Shirt,1650,2339,Wool
1725.jpg,white,60%,White Shirt,2005,2379,Silk
1726.jpg,gray,58%,Gray Shirt,2503,3285,Linen
1727.jpg,unknown,77%,Stylish Shirt,2377,2733,Silk
1728.jpg,white,48%,White Shirt,1721,2339,Polyester
1729.jpg,pink,85%,Pink Shirt,2083,2660,Cotton
173.jpg,white,60%,White Shirt,1673,2267,Cotton
1730.jpg,black,79%,Black Shirt,1654,2367,Silk
1731.jpg,unknown,51%,Stylish Shirt,2644,3001,Wool
1732.jpg,black,81%,Black Shirt,2529,3294,Wool
1733.jpg,white,63%,White Shirt,1505,2244,Denim
1734.jpg,blue,78%,Blue Shirt,2450,2941,Denim
1735.jpg,black,78%,Black Shirt,2080,2576,Polyester
1736.jpg,unknown,47%,Stylish Shirt,1824,2307,Linen
1737.jpg,white,55%,White Shirt,2407,2720,Denim
1738.jpg,blue,78%,Blue Shirt,2522,2898,Wool
1739.jpg,white,46%,White Shirt,2284,2601,Denim
174.jpg,black,42%,Black Shirt,2778,3172,Wool
1740.jpg,white,40%,White Shirt,2009,2743,Denim
1741.jpg,unknown,75%,Stylish Shirt,1732,2467,Wool
1742.jpg,black,76%,Black Shirt,2742,3370,Wool
1743.jpg,white,91%,White Shirt,1728,2485,Cotton
1744.jpg,blue,46%,Blue Shirt,2031,2624,Linen
1745.jpg,white,82%,White Shirt,2670,3336,Silk
1746.jpg,black,78%,Black Shirt,2830,3488,Silk
1747.jpg,white,60%,White Shirt,2801,3195,Polyester
1748.jpg,white,39%,White Shirt,2892,3643,Polyester
1749.jpg,black,85%,Black Shirt,2810,3175,Silk
175.jpg,white,68%,White Shirt,2362,2925,Linen
1750.jpg,white,40%,White Shirt,1668,2381,Silk
1751.jpg,white,57%,White Shirt,1952,2285,Cotton
1752.jpg,white,98%,White Shirt,2386,3088,Denim
1753.jpg,unknown,76%,Stylish Shirt,2754,3100,Wool
1754.jpg,black,76%,Black Shirt,1918,2362,Denim
1755.jpg,blue,81%,Blue Shirt,2417,3031,Linen
1756.jpg,black,77%,Black Shirt,1600,2284,Cotton
1757.jpg,unknown,80%,Stylish Shirt,1978,2429,Polyester
1758.jpg,red,79%,Red Shirt,1609,2132,Denim
1759.jpg,white,35%,White Shirt,1675,2053,Wool
176.jpg,gray,61%,Gray Shirt,2982,3608,Cotton
1760.jpg,white,61%,White Shirt,2422,3219,Cotton
1761.jpg,white,37%,White Shirt,2357,2736,Denim
1762.jpg,white,77%,White Shirt,2820,3211,Denim
1763.jpg,black,76%,Black Shirt,2261,2848,Silk
1764.jpg,gray,42%,Gray Shirt,2517,2929,Cotton
1765.jpg,white,94%,White Shirt,2984,3433,Wool
1766.jpg,unknown,77%,Stylish Shirt,2604,3030,Polyester
1767.jpg,green,80%,Green Shirt,1824,2379,Denim
1768.jpg,gray,83%,Gray Shirt,1697,2253,Wool
1769.jpg,gray,79%,Gray Shirt,2624,3248,Polyester
177.jpg,gray,54%,Gray Shirt,1569,2262,Linen
1770.jpg,black,66%,Black Shirt,2511,3279,Denim
1771.jpg,white,49%,White Shirt,1958,2698,Silk
1772.jpg,blue,81%,Blue Shirt,2467,3148,Linen
1773.jpg,white,45%,White Shirt,2432,2918,Denim
1774.jpg,white,54%,White Shirt,2846,3168,Linen
1775.jpg,gray,81%,Gray Shirt,2640,3004,Wool
1776.jpg,blue,82%,Blue Shirt,2937,3247,Polyester
1777.jpg,white,37%,White Shirt,1692,2111,Denim
1778.jpg,white,51%,White Shirt,2046,2581,Denim
1779.jpg,gray,62%,Gray Shirt,2825,3576,Cotton
178.jpg,white,56%,White Shirt,2545,3241,Cotton
1780.jpg,white,87%,White Shirt,2952,3572,Wool
1781.jpg,white,57%,White Shirt,1559,1936,Denim
1782.jpg,black,71%,Black Shirt,1941,2644,Denim
1783.jpg,green,40%,Green Shirt,2400,2780,Cotton
1784.jpg,white,50%,White Shirt,2274,2960,Silk
1785.jpg,black,74%,Black Shirt,2753,3372,Polyester
1786.jpg,blue,81%,Blue Shirt,2564,3256,Polyester
1787.jpg,white,64%,White Shirt,2054,2413,Polyester
1788.jpg,white,54%,White Shirt,2784,3170,Cotton
1789.jpg,black,79%,Black Shirt,2272,2983,Denim
179.jpg,white,80%,White Shirt,2135,2643,Denim
1790.jpg,white,60%,White Shirt,2452,3118,Denim
1791.jpg,gray,45%,Gray Shirt,1739,2403,Wool
1792.jpg,unknown,78%,Stylish Shirt,2046,2424,Cotton
1793.jpg,gray,77%,Gray Shirt,2338,2899,Polyester
1794.jpg,gray,42%,Gray Shirt,2962,3377,Cotton
1795.jpg,red,77%,Red Shirt,2648,3218,Cotton
1796.jpg,unknown,53%,Stylish Shirt,2885,3234,Polyester
1797.jpg,white,79%,White Shirt,2212,2859,Wool
1798.jpg,green,45%,Green Shirt,1793,2454,Denim
1799.jpg,white,51%,White Shirt,2269,2792,Wool
18.jpg,black,67%,Black Shirt,2400,3186,Denim
180.jpg,unknown,38%,Stylish Shirt,1686,2353,Denim
1800.jpg,unknown,45%,Stylish Shirt,2752,3285,Cotton
1801.jpg,white,47%,White Shirt,2628,3320,Cotton
1802.jpg,white,48%,White Shirt,2607,2944,Polyester
1803.jpg,unknown,42%,Stylish Shirt,2235,2615,Polyester
1804.jpg,blue,77%,Blue Shirt,1552,2174,Denim
1805.jpg,white,80%,White Shirt,2380,2739,Wool
1806.jpg,white,46%,White Shirt,2573,3197,Cotton
1807.jpg,white,70%,White Shirt,1968,2297,Polyester
1808.jpg,blue,78%,Blue Shirt,1735,2412,Linen
1809.jpg,gray,71%,Gray Shirt,2912,3445,Linen
181.jpg,gray,45%,Gray Shirt,1823,2182,Wool
1810.jpg,unknown,54%,Stylish Shirt,2958,3403,Silk
1811.jpg,unknown,80%,Stylish Shirt,2352,2789,Denim
1812.jpg,gray,79%,Gray Shirt,2440,2977,Denim
1813.jpg,white,40%,White Shirt,2880,3223,Wool
1814.jpg,gray,54%,Gray Shirt,2240,2910,Denim
1815.jpg,black,69%,Black Shirt,2514,2920,Cotton
1816.jpg,gray,59%,Gray Shirt,2593,3244,Cotton
1817.jpg,blue,78%,Blue Shirt,1636,2252,Denim
1818.jpg,blue,81%,Blue Shirt,1997,2575,Polyester
1819.jpg,white,53%,White Shirt,2324,2857,Linen
182.jpg,pink,61%,Pink Shirt,2733,3085,Wool
1820.jpg,white,52%,White Shirt,2204,2618,Silk
1821.jpg,white,49%,White Shirt,1720,2101,Cotton
1822.jpg,gray,43%,Gray Shirt,2945,3274,Silk
1823.jpg,gray,45%,Gray Shirt,1927,2249,Wool
1824.jpg,unknown,51%,Stylish Shirt,1841,2210,Cotton
1825.jpg,gray,85%,Gray Shirt,2505,2905,Silk
1826.jpg,white,44%,White Shirt,2663,3420,Denim
1827.jpg,black,48%,Black Shirt,1902,2543,Polyester
1828.jpg,unknown,58%,Stylish Shirt,1651,2068,Silk
1829.jpg,white,60%,White Shirt,2789,3560,Linen
183.jpg,white,68%,White Shirt,1592,1985,Polyester
1830.jpg,blue,73%,Blue Shirt,2767,3491,Cotton
1831.jpg,gray,75%,Gray Shirt,1784,2496,Cotton
1832.jpg,pink,79%,Pink Shirt,2127,2831,Denim
1833.jpg,black,70%,Black Shirt,2072,2561,Cotton
1834.jpg,white,49%,White Shirt,2673,3411,Cotton
1835.jpg,white,56%,White Shirt,2159,2936,Polyester
1836.jpg,black,72%,Black Shirt,2935,3254,Cotton
1837.jpg,white,53%,White Shirt,1753,2236,Wool
1838.jpg,black,73%,Black Shirt,2375,2924,Denim
1839.jpg,blue,76%,Blue Shirt,2685,3180,Cotton
184.jpg,unknown,42%,Stylish Shirt,2099,2429,Wool
1840.jpg,unknown,68%,Stylish Shirt,2972,3536,Wool
1841.jpg,gray,76%,Gray Shirt,2493,3069,Denim
1842.jpg,gray,76%,Gray Shirt,2432,2887,Silk
1843.jpg,white,64%,White Shirt,2129,2709,Linen
1844.jpg,blue,54%,Blue Shirt,2752,3482,Linen
1845.jpg,gray,79%,Gray Shirt,1826,2440,Cotton
1846.jpg,gray,52%,Gray Shirt,2014,2700,Linen
1847.jpg,white,61%,White Shirt,2253,3014,Cotton
1848.jpg,white,48%,White Shirt,2442,3233,Polyester
1849.jpg,gray,58%,Gray Shirt,2935,3562,Polyester
185.jpg,white,55%,White Shirt,2997,3328,Polyester
1850.jpg,black,83%,Black Shirt,2376,2848,Cotton
1851.jpg,white,74%,White Shirt,2623,3131,Wool
1852.jpg,white,59%,White Shirt,1992,2611,Wool
1853.jpg,green,78%,Green Shirt,2837,3467,Cotton
1854.jpg,gray,57%,Gray Shirt,1925,2262,Denim
1855.jpg,gray,79%,Gray Shirt,2915,3503,Polyester
1856.jpg,gray,84%,Gray Shirt,1526,1869,Denim
1857.jpg,white,38%,White Shirt,2900,3583,Silk
1858.jpg,unknown,83%,Stylish Shirt,1632,1994,Wool
1859.jpg,black,82%,Black Shirt,2619,3407,Silk
186.jpg,white,72%,White Shirt,2697,3095,Silk
1860.jpg,unknown,46%,Stylish Shirt,2791,3434,Cotton
1861.jpg,black,83%,Black Shirt,1954,2393,Denim
1862.jpg,black,74%,Black Shirt,2918,3294,Polyester
1863.jpg,blue,59%,Blue Shirt,1796,2391,Wool
1864.jpg,black,77%,Black Shirt,1720,2090,Denim
1865.jpg,black,79%,Black Shirt,1525,2000,Wool
1866.jpg,blue,76%,Blue Shirt,2771,3155,Denim
1867.jpg,white,61%,White Shirt,2218,2706,Silk
1868.jpg,black,76%,Black Shirt,2788,3522,Cotton
1869.jpg,blue,80%,Blue Shirt,2139,2601,Polyester
187.jpg,black,79%,Black Shirt,2708,3166,Cotton
1870.jpg,green,77%,Green Shirt,2783,3119,Denim
1871.jpg,white,97%,White Shirt,1978,2449,Cotton
1872.jpg,black,75%,Black Shirt,1804,2480,Polyester
1873.jpg,gray,74%,Gray Shirt,2929,3682,Polyester
1874.jpg,white,96%,White Shirt,1984,2738,Linen
1875.jpg,black,81%,Black Shirt,2121,2897,Denim
1876.jpg,black,80%,Black Shirt,1630,2175,Cotton
1877.jpg,gray,78%,Gray Shirt,2378,2770,Denim
1878.jpg,white,86%,White Shirt,1967,2577,Denim
1879.jpg,unknown,85%,Stylish Shirt,2002,2383,Linen
188.jpg,pink,51%,Pink Shirt,2147,2753,Wool
1880.jpg,white,84%,White Shirt,2864,3516,Cotton
1881.jpg,white,62%,White Shirt,2889,3385,Denim
1882.jpg,black,72%,Black Shirt,2936,3281,Linen
1883.jpg,gray,60%,Gray Shirt,1730,2263,Cotton
1884.jpg,blue,59%,Blue Shirt,1964,2264,Denim
1885.jpg,white,80%,White Shirt,1990,2568,Silk
1886.jpg,black,81%,Black Shirt,1614,2052,Cotton
1887.jpg,white,58%,White Shirt,2346,2764,Wool
1888.jpg,white,62%,White Shirt,1960,2412,Polyester
1889.jpg,black,76%,Black Shirt,1855,2416,Denim
189.jpg,yellow,60%,Yellow Shirt,2861,3484,Wool
1890.jpg,blue,80%,Blue Shirt,2408,3141,Wool
1891.jpg,white,64%,White Shirt,2442,2897,Polyester
1892.jpg,black,65%,Black Shirt,2000,2428,Denim
1893.jpg,white,70%,White Shirt,2936,3563,Silk
1894.jpg,white,50%,White Shirt,2518,3042,Polyester
1895.jpg,white,54%,White Shirt,2404,3141,Wool
1896.jpg,gray,79%,Gray Shirt,2840,3503,Denim
1897.jpg,white,52%,White Shirt,1655,2232,Denim
1898.jpg,unknown,52%,Stylish Shirt,2082,2856,Denim
1899.jpg,black,73%,Black Shirt,1913,2573,Denim
19.jpg,pink,63%,Pink Shirt,2542,3184,Linen
190.jpg,yellow,79%,Yellow Shirt,2584,2935,Linen
1900.jpg,gray,79%,Gray Shirt,2311,3030,Cotton
1901.jpg,white,63%,White Shirt,2197,2975,Wool
1902.jpg,unknown,84%,Stylish Shirt,2119,2903,Wool
1903.jpg,white,64%,White Shirt,2674,3299,Cotton
1904.jpg,gray,78%,Gray Shirt,2025,2755,Wool
1905.jpg,blue,73%,Blue Shirt,2513,3121,Wool
1906.jpg,white,59%,White Shirt,2333,2929,Wool
1907.jpg,gray,45%,Gray Shirt,2350,2988,Wool
1908.jpg,white,47%,White Shirt,2665,3248,Cotton
1909.jpg,white,49%,White Shirt,2000,2696,Denim
191.jpg,unknown,64%,Stylish Shirt,2091,2541,Polyester
1910.jpg,black,76%,Black Shirt,2066,2679,Cotton
1911.jpg,white,39%,White Shirt,2948,3511,Polyester
1912.jpg,gray,77%,Gray Shirt,2018,2478,Linen
1913.jpg,gray,43%,Gray Shirt,1559,2346,Polyester
1914.jpg,white,95%,White Shirt,1637,2259,Silk
1915.jpg,white,38%,White Shirt,1559,2125,Denim
1916.jpg,black,53%,Black Shirt,2500,3128,Denim
1917.jpg,unknown,79%,Stylish Shirt,1572,2170,Cotton
1918.jpg,gray,78%,Gray Shirt,1778,2207,Silk
1919.jpg,green,79%,Green Shirt,2600,3257,Denim
192.jpg,white,43%,White Shirt,1928,2507,Linen
1920.jpg,white,55%,White Shirt,2765,3398,Denim
1921.jpg,black,77%,Black Shirt,2674,3315,Silk
1922.jpg,blue,79%,Blue Shirt,2761,3130,Cotton
1923.jpg,blue,79%,Blue Shirt,1761,2401,Cotton
1924.jpg,unknown,51%,Stylish Shirt,2186,2980,Cotton
1925.jpg,blue,70%,Blue Shirt,1872,2511,Denim
1926.jpg,gray,78%,Gray Shirt,1637,2004,Polyester
1927.jpg,white,44%,White Shirt,2575,2982,Cotton
1928.jpg,gray,42%,Gray Shirt,1579,1924,Wool
1929.jpg,gray,77%,Gray Shirt,2505,3130,Cotton
193.jpg,white,75%,White Shirt,2225,2754,Silk
1930.jpg,gray,75%,Gray Shirt,2286,2782,Linen
1931.jpg,black,76%,Black Shirt,1708,2058,Linen
1932.jpg,black,61%,Black Shirt,2599,2921,Polyester
1933.jpg,green,50%,Green Shirt,2785,3149,Denim
1934.jpg,blue,76%,Blue Shirt,2532,3274,Silk
1935.jpg,black,80%,Black Shirt,2256,2961,Denim
1936.jpg,white,55%,White Shirt,2941,3608,Polyester
1937.jpg,white,44%,White Shirt,2786,3238,Denim
1938.jpg,white,53%,White Shirt,2382,3052,Polyester
1939.jpg,white,64%,White Shirt,2496,2809,Polyester
194.jpg,black,53%,Black Shirt,1879,2251,Linen
1940.jpg,unknown,80%,Stylish Shirt,1961,2420,Cotton
1941.jpg,black,77%,Black Shirt,2586,3378,Linen
1942.jpg,black,77%,Black Shirt,2350,3149,Polyester
1943.jpg,black,78%,Black Shirt,2174,2971,Silk
1944.jpg,black,76%,Black Shirt,1827,2168,Cotton
1945.jpg,unknown,78%,Stylish Shirt,1792,2119,Denim
1946.jpg,black,78%,Black Shirt,2032,2436,Denim
1947.jpg,white,48%,White Shirt,1952,2409,Denim
1948.jpg,black,80%,Black Shirt,1931,2629,Linen
1949.jpg,white,39%,White Shirt,2272,2811,Cotton
195.jpg,black,76%,Black Shirt,1813,2290,Denim
1950.jpg,black,75%,Black Shirt,1703,2439,Silk
1951.jpg,unknown,79%,Stylish Shirt,1748,2543,Linen
1952.jpg,blue,77%,Blue Shirt,2420,3190,Linen
1953.jpg,white,58%,White Shirt,1755,2252,Linen
1954.jpg,black,79%,Black Shirt,1788,2378,Linen
1955.jpg,white,36%,White Shirt,2445,2772,Linen
1956.jpg,black,81%,Black Shirt,2333,2887,Silk
1957.jpg,blue,82%,Blue Shirt,1714,2468,Silk
1958.jpg,white,47%,White Shirt,2615,3275,Cotton
1959.jpg,unknown,79%,Stylish Shirt,1928,2555,Polyester
196.jpg,white,69%,White Shirt,1805,2269,Wool
1960.jpg,blue,78%,Blue Shirt,1525,1849,Polyester
1961.jpg,white,89%,White Shirt,1953,2647,Polyester
1962.jpg,gray,78%,Gray Shirt,2987,3769,Cotton
1963.jpg,white,43%,White Shirt,2391,3130,Linen
1964.jpg,blue,80%,Blue Shirt,1617,2066,Wool
1965.jpg,white,46%,White Shirt,2116,2809,Linen
1966.jpg,black,78%,Black Shirt,1889,2371,Cotton
1967.jpg,unknown,77%,Stylish Shirt,2301,2774,Denim
1968.jpg,white,55%,White Shirt,2925,3484,Linen
1969.jpg,white,62%,White Shirt,1636,2310,Silk
197.jpg,gray,74%,Gray Shirt,1531,2136,Cotton
1970.jpg,white,55%,White Shirt,2365,3007,Polyester
1971.jpg,white,74%,White Shirt,2472,3070,Denim
1972.jpg,gray,57%,Gray Shirt,2354,2975,Silk
1973.jpg,white,95%,White Shirt,2216,2996,Silk
1974.jpg,blue,81%,Blue Shirt,2393,3041,Wool
1975.jpg,gray,44%,Gray Shirt,2950,3295,Cotton
1976.jpg,white,44%,White Shirt,2315,2804,Silk
1977.jpg,yellow,79%,Yellow Shirt,2743,3051,Denim
1978.jpg,blue,76%,Blue Shirt,2240,2759,Wool
1979.jpg,unknown,80%,Stylish Shirt,1722,2239,Wool
198.jpg,black,73%,Black Shirt,1846,2607,Silk
1980.jpg,gray,54%,Gray Shirt,1663,2022,Linen
1981.jpg,white,60%,White Shirt,2812,3514,Wool
1982.jpg,gray,82%,Gray Shirt,1670,2144,Polyester
1983.jpg,unknown,68%,Stylish Shirt,2390,2751,Wool
1984.jpg,white,44%,White Shirt,2090,2874,Denim
1985.jpg,unknown,83%,Stylish Shirt,2615,3245,Cotton
1986.jpg,gray,53%,Gray Shirt,2230,2757,Denim
1987.jpg,black,74%,Black Shirt,2571,3370,Wool
1988.jpg,unknown,72%,Stylish Shirt,1709,2032,Denim
1989.jpg,black,78%,Black Shirt,1880,2506,Cotton
199.jpg,gray,81%,Gray Shirt,2619,3023,Silk
1990.jpg,black,81%,Black Shirt,2795,3307,Polyester
1991.jpg,white,63%,White Shirt,2812,3580,Polyester
1992.jpg,blue,36%,Blue Shirt,1969,2297,Denim
1993.jpg,black,73%,Black Shirt,2839,3575,Wool
1994.jpg,white,74%,White Shirt,1693,2310,Linen
1995.jpg,white,79%,White Shirt,2516,3058,Silk
1996.jpg,white,48%,White Shirt,1624,2331,Denim
1997.jpg,unknown,79%,Stylish Shirt,1513,2271,Cotton
1998.jpg,white,59%,White Shirt,1741,2176,Cotton
1999.jpg,gray,43%,Gray Shirt,1554,2230,Linen
2.jpg,white,91%,White Shirt,2811,3552,Denim
20.jpg,white,87%,White Shirt,2940,3500,Cotton
200.jpg,gray,46%,Gray Shirt,2716,3362,Cotton
2000.jpg,gray,51%,Gray Shirt,1965,2312,Cotton
201.jpg,white,95%,White Shirt,1793,2569,Wool
202.jpg,blue,62%,Blue Shirt,2356,2717,Cotton
203.jpg,white,86%,White Shirt,2232,2867,Linen
204.jpg,unknown,70%,Stylish Shirt,1962,2705,Linen
205.jpg,unknown,49%,Stylish Shirt,1512,2276,Denim
206.jpg,white,60%,White Shirt,2797,3334,Polyester
207.jpg,unknown,80%,Stylish Shirt,1997,2709,Wool
208.jpg,white,94%,White Shirt,1864,2433,Silk
209.jpg,white,68%,White Shirt,2211,2987,Polyester
21.jpg,black,51%,Black Shirt,2799,3161,Silk
210.jpg,gray,70%,Gray Shirt,1583,2206,Silk
211.jpg,white,46%,White Shirt,2740,3138,Linen
212.jpg,gray,53%,Gray Shirt,2913,3512,Wool
213.jpg,unknown,61%,Stylish Shirt,1531,1949,Denim
214.jpg,black,80%,Black Shirt,1595,2228,Linen
215.jpg,white,45%,White Shirt,2030,2380,Polyester
216.jpg,gray,41%,Gray Shirt,2181,2656,Polyester
217.jpg,black,73%,Black Shirt,2426,2967,Linen
218.jpg,gray,83%,Gray Shirt,2929,3585,Denim
219.jpg,black,52%,Black Shirt,1853,2216,Cotton
22.jpg,white,51%,White Shirt,2463,3092,Polyester
220.jpg,white,47%,White Shirt,2651,3193,Silk
221.jpg,yellow,54%,Yellow Shirt,2581,2904,Denim
222.jpg,white,46%,White Shirt,2681,3054,Cotton
223.jpg,black,68%,Black Shirt,2371,3030,Linen
224.jpg,white,49%,White Shirt,1815,2313,Cotton
225.jpg,blue,48%,Blue Shirt,2242,2741,Cotton
226.jpg,unknown,71%,Stylish Shirt,1551,1955,Denim
227.jpg,white,92%,White Shirt,2336,3043,Linen
228.jpg,gray,50%,Gray Shirt,2118,2629,Wool
229.jpg,black,58%,Black Shirt,2738,3099,Wool
23.jpg,black,45%,Black Shirt,2252,2985,Wool
230.jpg,black,57%,Black Shirt,2015,2343,Wool
231.jpg,white,81%,White Shirt,2816,3349,Silk
232.jpg,green,75%,Green Shirt,2922,3623,Wool
233.jpg,white,45%,White Shirt,2736,3419,Denim
234.jpg,gray,76%,Gray Shirt,2391,3053,Linen
235.jpg,white,48%,White Shirt,2760,3539,Polyester
236.jpg,blue,83%,Blue Shirt,2970,3375,Linen
237.jpg,black,79%,Black Shirt,1889,2590,Polyester
238.jpg,black,70%,Black Shirt,2421,2865,Cotton
239.jpg,white,73%,White Shirt,2916,3246,Cotton
24.jpg,black,58%,Black Shirt,2901,3534,Linen
240.jpg,unknown,77%,Stylish Shirt,2581,3096,Linen
241.jpg,white,89%,White Shirt,1671,2121,Silk
242.jpg,black,44%,Black Shirt,2286,2894,Linen
243.jpg,white,60%,White Shirt,2895,3212,Cotton
244.jpg,unknown,74%,Stylish Shirt,2138,2610,Denim
245.jpg,black,73%,Black Shirt,1691,2310,Denim
246.jpg,white,48%,White Shirt,2759,3445,Cotton
247.jpg,black,63%,Black Shirt,2482,2793,Polyester
248.jpg,white,58%,White Shirt,2576,2910,Wool
249.jpg,gray,38%,Gray Shirt,1601,2092,Linen
25.jpg,red,36%,Red Shirt,2366,2817,Wool
250.jpg,gray,66%,Gray Shirt,2082,2646,Denim
251.jpg,white,65%,White Shirt,1959,2274,Wool
252.jpg,black,59%,Black Shirt,2670,3190,Denim
253.jpg,white,66%,White Shirt,1762,2510,Denim
254.jpg,blue,60%,Blue Shirt,2131,2912,Denim
255.jpg,white,51%,White Shirt,2919,3254,Wool
256.jpg,unknown,51%,Stylish Shirt,1909,2572,Polyester
257.jpg,white,59%,White Shirt,2183,2886,Denim
258.jpg,gray,46%,Gray Shirt,2170,2706,Silk
259.jpg,blue,64%,Blue Shirt,2128,2783,Polyester
26.jpg,white,51%,White Shirt,2460,3231,Denim
260.jpg,gray,35%,Gray Shirt,1631,2118,Wool
261.jpg,white,91%,White Shirt,2954,3570,Denim
262.jpg,gray,43%,Gray Shirt,2095,2658,Cotton
263.jpg,gray,49%,Gray Shirt,2702,3297,Cotton
264.jpg,white,60%,White Shirt,2623,3359,Denim
265.jpg,blue,69%,Blue Shirt,2018,2351,Cotton
266.jpg,unknown,54%,Stylish Shirt,2813,3600,Cotton
267.jpg,white,78%,White Shirt,2075,2775,Polyester
268.jpg,unknown,42%,Stylish Shirt,2679,3195,Polyester
269.jpg,black,60%,Black Shirt,2317,2748,Linen
27.jpg,unknown,60%,Stylish Shirt,2850,3551,Cotton
270.jpg,unknown,52%,Stylish Shirt,2246,2739,Silk
271.jpg,black,47%,Black Shirt,2182,2668,Denim
272.jpg,black,36%,Black Shirt,1857,2227,Denim
273.jpg,black,47%,Black Shirt,2768,3381,Linen
274.jpg,white,51%,White Shirt,2536,2849,Cotton
275.jpg,white,92%,White Shirt,1871,2178,Silk
276.jpg,unknown,65%,Stylish Shirt,1548,2255,Denim
277.jpg,white,84%,White Shirt,2469,3243,Denim
278.jpg,black,83%,Black Shirt,1931,2354,Denim
279.jpg,white,70%,White Shirt,1933,2241,Polyester
28.jpg,unknown,93%,Stylish Shirt,2242,2926,Cotton
280.jpg,black,74%,Black Shirt,1664,2325,Wool
281.jpg,black,58%,Black Shirt,1986,2673,Wool
282.jpg,white,60%,White Shirt,1538,2105,Cotton
283.jpg,white,86%,White Shirt,2691,3166,Denim
284.jpg,white,62%,White Shirt,2264,2864,Denim
285.jpg,gray,91%,Gray Shirt,1803,2202,Linen
286.jpg,gray,79%,Gray Shirt,1806,2526,Silk
287.jpg,gray,36%,Gray Shirt,2623,3010,Wool
288.jpg,white,50%,White Shirt,2749,3173,Wool
289.jpg,white,43%,White Shirt,2787,3322,Linen
29.jpg,white,41%,White Shirt,2521,2984,Denim
290.jpg,gray,42%,Gray Shirt,2075,2715,Denim
291.jpg,gray,69%,Gray Shirt,1659,2111,Silk
292.jpg,white,41%,White Shirt,3000,3552,Linen
293.jpg,black,62%,Black Shirt,2063,2694,Silk
294.jpg,unknown,44%,Stylish Shirt,2112,2597,Wool
295.jpg,unknown,52%,Stylish Shirt,2244,2706,Denim
296.jpg,black,82%,Black Shirt,2817,3397,Polyester
297.jpg,gray,40%,Gray Shirt,2941,3518,Linen
298.jpg,black,49%,Black Shirt,2778,3448,Cotton
299.jpg,white,66%,White Shirt,2255,2664,Polyester
3.jpg,black,69%,Black Shirt,2697,3234,Silk
30.jpg,unknown,74%,Stylish Shirt,2166,2737,Polyester
300.jpg,gray,87%,Gray Shirt,2384,2997,Linen
301.jpg,unknown,80%,Stylish Shirt,2836,3417,Polyester
302.jpg,unknown,64%,Stylish Shirt,1593,2316,Wool
303.jpg,gray,58%,Gray Shirt,2870,3576,Silk
304.jpg,white,50%,White Shirt,2222,2579,Wool
305.jpg,unknown,43%,Stylish Shirt,1586,2092,Denim
306.jpg,black,49%,Black Shirt,2323,3080,Silk
307.jpg,gray,52%,Gray Shirt,2412,3151,Wool
308.jpg,unknown,39%,Stylish Shirt,2276,2677,Cotton
309.jpg,green,79%,Green Shirt,2394,2736,Silk
31.jpg,blue,38%,Blue Shirt,2996,3452,Linen
310.jpg,white,51%,White Shirt,1698,2181,Silk
311.jpg,unknown,42%,Stylish Shirt,2140,2639,Cotton
312.jpg,white,59%,White Shirt,1552,2142,Polyester
313.jpg,black,60%,Black Shirt,2740,3174,Silk
314.jpg,unknown,49%,Stylish Shirt,1755,2230,Cotton
315.jpg,white,89%,White Shirt,2990,3628,Polyester
316.jpg,unknown,51%,Stylish Shirt,2515,2879,Silk
317.jpg,black,36%,Black Shirt,2435,3005,Denim
318.jpg,unknown,71%,Stylish Shirt,1612,2055,Polyester
319.jpg,gray,43%,Gray Shirt,2828,3382,Wool
32.jpg,white,39%,White Shirt,2066,2476,Wool
320.jpg,white,46%,White Shirt,2895,3346,Linen
321.jpg,blue,63%,Blue Shirt,1705,2116,Denim
322.jpg,white,58%,White Shirt,2678,3255,Denim
323.jpg,gray,53%,Gray Shirt,1844,2594,Linen
324.jpg,black,74%,Black Shirt,2075,2485,Wool
325.jpg,gray,39%,Gray Shirt,1889,2528,Denim
326.jpg,unknown,39%,Stylish Shirt,2116,2483,Silk
327.jpg,gray,45%,Gray Shirt,2598,2915,Denim
328.jpg,white,44%,White Shirt,2905,3636,Polyester
329.jpg,unknown,66%,Stylish Shirt,2244,2675,Polyester
33.jpg,unknown,47%,Stylish Shirt,1583,2024,Wool
330.jpg,black,55%,Black Shirt,2179,2778,Cotton
331.jpg,black,58%,Black Shirt,1830,2414,Polyester
332.jpg,blue,69%,Blue Shirt,2643,3117,Linen
333.jpg,unknown,48%,Stylish Shirt,2861,3646,Silk
334.jpg,white,68%,White Shirt,2767,3318,Cotton
335.jpg,black,47%,Black Shirt,1989,2318,Denim
336.jpg,black,77%,Black Shirt,2220,2792,Linen
337.jpg,gray,58%,Gray Shirt,1746,2477,Cotton
338.jpg,white,44%,White Shirt,1633,2131,Cotton
339.jpg,white,61%,White Shirt,2524,3083,Cotton
34.jpg,unknown,49%,Stylish Shirt,2968,3548,Linen
340.jpg,black,65%,Black Shirt,1615,1991,Linen
341.jpg,gray,55%,Gray Shirt,1660,1999,Cotton
342.jpg,white,39%,White Shirt,2135,2709,Wool
343.jpg,white,39%,White Shirt,2835,3317,Denim
344.jpg,gray,48%,Gray Shirt,2122,2479,Linen
345.jpg,white,45%,White Shirt,2374,2987,Cotton
346.jpg,white,61%,White Shirt,2886,3401,Wool
347.jpg,black,65%,Black Shirt,1706,2196,Cotton
348.jpg,black,85%,Black Shirt,1748,2146,Linen
349.jpg,black,80%,Black Shirt,2378,2879,Linen
35.jpg,white,79%,White Shirt,1541,2027,Cotton
350.jpg,black,48%,Black Shirt,1565,2030,Polyester
351.jpg,white,60%,White Shirt,1765,2295,Polyester
352.jpg,green,84%,Green Shirt,1523,1840,Polyester
353.jpg,blue,55%,Blue Shirt,2934,3634,Denim
354.jpg,white,75%,White Shirt,1526,2163,Cotton
355.jpg,gray,36%,Gray Shirt,2632,3309,Denim
356.jpg,gray,48%,Gray Shirt,1711,2507,Denim
36.jpg,white,59%,White Shirt,2572,3288,Denim
364.jpg,white,53%,White Shirt,2130,2883,Cotton
365.jpg,black,54%,Black Shirt,2253,2749,Wool
366.jpg,white,48%,White Shirt,2346,2843,Silk
367.jpg,white,92%,White Shirt,2121,2613,Polyester
368.jpg,black,59%,Black Shirt,2786,3088,Wool
369.jpg,unknown,56%,Stylish Shirt,2933,3511,Silk
37.jpg,white,46%,White Shirt,1948,2376,Cotton
370.jpg,black,56%,Black Shirt,1587,2015,Cotton
371.jpg,black,77%,Black Shirt,2079,2770,Linen
372.jpg,white,43%,White Shirt,1928,2251,Denim
373.jpg,black,49%,Black Shirt,2668,3138,Cotton
374.jpg,black,71%,Black Shirt,1696,2082,Polyester
375.jpg,black,70%,Black Shirt,1707,2267,Linen
376.jpg,green,81%,Green Shirt,2169,2587,Linen
377.jpg,white,55%,White Shirt,2763,3236,Polyester
378.jpg,white,43%,White Shirt,1627,2228,Silk
379.jpg,black,82%,Black Shirt,2278,2953,Denim
38.jpg,gray,55%,Gray Shirt,1982,2337,Denim
380.jpg,white,51%,White Shirt,2402,3058,Wool
381.jpg,gray,51%,Gray Shirt,1751,2087,Linen
382.jpg,white,47%,White Shirt,1922,2641,Linen
383.jpg,white,87%,White Shirt,1556,2089,Silk
384.jpg,blue,54%,Blue Shirt,1868,2575,Polyester
385.jpg,black,59%,Black Shirt,1686,2319,Silk
386.jpg,gray,39%,Gray Shirt,1718,2389,Wool
387.jpg,white,90%,White Shirt,2318,2953,Silk
388.jpg,black,78%,Black Shirt,2310,2650,Linen
389.jpg,gray,45%,Gray Shirt,1765,2186,Linen
39.jpg,white,91%,White Shirt,1909,2419,Wool
390.jpg,white,52%,White Shirt,2106,2871,Cotton
391.jpg,black,39%,Black Shirt,2251,2823,Polyester
392.jpg,black,83%,Black Shirt,2545,3009,Linen
393.jpg,gray,43%,Gray Shirt,2937,3671,Denim
394.jpg,gray,50%,Gray Shirt,1725,2126,Denim
395.jpg,white,85%,White Shirt,2339,2765,Cotton
396.jpg,black,51%,Black Shirt,1811,2345,Linen
397.jpg,gray,61%,Gray Shirt,1580,2336,Denim
398.jpg,white,91%,White Shirt,2015,2630,Linen
399.jpg,white,44%,White Shirt,2179,2660,Silk
4.jpg,white,69%,White Shirt,2713,3406,Cotton
40.jpg,black,47%,Black Shirt,1600,2024,Silk
400.jpg,blue,51%,Blue Shirt,2801,3173,Polyester
401.jpg,black,53%,Black Shirt,2568,3197,Silk
402.jpg,black,53%,Black Shirt,2851,3641,Wool
403.jpg,blue,41%,Blue Shirt,2461,3113,Wool
404.jpg,black,49%,Black Shirt,2286,3068,Denim
405.jpg,unknown,44%,Stylish Shirt,1778,2498,Wool
406.jpg,unknown,75%,Stylish Shirt,2448,2791,Cotton
407.jpg,white,91%,White Shirt,2121,2696,Linen
408.jpg,gray,64%,Gray Shirt,2148,2483,Polyester
409.jpg,white,44%,White Shirt,2408,2820,Denim
41.jpg,white,38%,White Shirt,2631,3279,Wool
410.jpg,black,73%,Black Shirt,2515,3239,Denim
411.jpg,white,94%,White Shirt,1728,2304,Polyester
412.jpg,unknown,56%,Stylish Shirt,2992,3663,Linen
413.jpg,white,50%,White Shirt,2198,2951,Linen
414.jpg,white,50%,White Shirt,2007,2725,Cotton
415.jpg,black,56%,Black Shirt,1673,2048,Silk
416.jpg,white,56%,White Shirt,1622,2099,Linen
417.jpg,white,48%,White Shirt,2979,3310,Wool
418.jpg,unknown,43%,Stylish Shirt,1720,2434,Silk
419.jpg,unknown,63%,Stylish Shirt,1751,2386,Denim
42.jpg,black,46%,Black Shirt,1587,1928,Denim
420.jpg,black,46%,Black Shirt,2345,2749,Silk
421.jpg,green,50%,Green Shirt,1654,2316,Cotton
422.jpg,black,67%,Black Shirt,2796,3338,Denim
423.jpg,unknown,80%,Stylish Shirt,2416,3138,Denim
424.jpg,white,88%,White Shirt,2925,3323,Polyester
425.jpg,gray,48%,Gray Shirt,1906,2416,Polyester
426.jpg,unknown,79%,Stylish Shirt,2337,3077,Linen
427.jpg,black,67%,Black Shirt,2295,2616,Linen
428.jpg,unknown,84%,Stylish Shirt,2212,2971,Wool
429.jpg,unknown,86%,Stylish Shirt,1636,2418,Cotton
43.jpg,white,67%,White Shirt,2992,3511,Cotton
430.jpg,black,59%,Black Shirt,1730,2210,Wool
431.jpg,red,51%,Red Shirt,1917,2395,Polyester
432.jpg,unknown,62%,Stylish Shirt,2149,2883,Wool
433.jpg,unknown,79%,Stylish Shirt,2734,3315,Polyester
434.jpg,yellow,71%,Yellow Shirt,1932,2644,Polyester
435.jpg,unknown,59%,Stylish Shirt,2615,2917,Cotton
436.jpg,yellow,51%,Yellow Shirt,2271,3015,Cotton
437.jpg,black,81%,Black Shirt,2648,3222,Linen
438.jpg,black,61%,Black Shirt,2432,3047,Cotton
439.jpg,gray,38%,Gray Shirt,2184,2900,Silk
44.jpg,white,53%,White Shirt,2205,2998,Silk
440.jpg,gray,78%,Gray Shirt,2032,2594,Wool
441.jpg,black,56%,Black Shirt,1925,2307,Polyester
442.jpg,gray,52%,Gray Shirt,1986,2430,Denim
443.jpg,gray,41%,Gray Shirt,2424,3030,Linen
444.jpg,white,57%,White Shirt,2380,2765,Silk
445.jpg,white,52%,White Shirt,2334,2809,Denim
446.jpg,black,59%,Black Shirt,2933,3466,Cotton
447.jpg,black,78%,Black Shirt,2016,2368,Polyester
448.jpg,blue,66%,Blue Shirt,1600,2070,Cotton
449.jpg,black,61%,Black Shirt,2890,3559,Linen
45.jpg,gray,47%,Gray Shirt,2326,3097,Cotton
450.jpg,black,55%,Black Shirt,1633,2393,Cotton
451.jpg,unknown,60%,Stylish Shirt,1677,2179,Linen
452.jpg,gray,42%,Gray Shirt,2166,2475,Polyester
453.jpg,white,38%,White Shirt,1911,2449,Polyester
454.jpg,gray,48%,Gray Shirt,2120,2920,Denim
455.jpg,unknown,46%,Stylish Shirt,2185,2603,Linen
456.jpg,white,46%,White Shirt,2618,3241,Wool
457.jpg,yellow,58%,Yellow Shirt,1946,2321,Cotton
458.jpg,unknown,36%,Stylish Shirt,1748,2106,Denim
459.jpg,white,52%,White Shirt,1800,2562,Polyester
46.jpg,white,65%,White Shirt,2034,2717,Denim
460.jpg,white,57%,White Shirt,2699,3218,Denim
461.jpg,white,41%,White Shirt,2968,3655,Denim
462.jpg,black,58%,Black Shirt,2247,2593,Cotton
463.jpg,white,62%,White Shirt,2477,3259,Denim
464.jpg,white,40%,White Shirt,2115,2900,Wool
465.jpg,blue,76%,Blue Shirt,2925,3675,Linen
466.jpg,white,49%,White Shirt,2491,3028,Wool
467.jpg,gray,49%,Gray Shirt,1529,2065,Cotton
468.jpg,black,53%,Black Shirt,2850,3626,Polyester
469.jpg,unknown,78%,Stylish Shirt,1888,2449,Cotton
47.jpg,black,53%,Black Shirt,1547,2193,Wool
470.jpg,black,47%,Black Shirt,2874,3537,Wool
471.jpg,gray,57%,Gray Shirt,2850,3345,Silk
472.jpg,black,70%,Black Shirt,2858,3202,Cotton
473.jpg,black,37%,Black Shirt,2485,3036,Wool
474.jpg,white,65%,White Shirt,1805,2245,Wool
475.jpg,white,43%,White Shirt,2534,2969,Linen
476.jpg,white,45%,White Shirt,1863,2443,Wool
477.jpg,white,95%,White Shirt,1548,2263,Linen
478.jpg,unknown,69%,Stylish Shirt,1942,2321,Denim
479.jpg,gray,43%,Gray Shirt,2149,2898,Polyester
48.jpg,unknown,45%,Stylish Shirt,1513,2105,Wool
480.jpg,white,62%,White Shirt,2189,2723,Silk
481.jpg,unknown,39%,Stylish Shirt,2219,2677,Polyester
482.jpg,black,56%,Black Shirt,2143,2803,Wool
483.jpg,white,42%,White Shirt,1725,2419,Cotton
484.jpg,white,60%,White Shirt,2232,2880,Wool
485.jpg,unknown,50%,Stylish Shirt,2109,2650,Wool
486.jpg,unknown,48%,Stylish Shirt,1893,2314,Linen
487.jpg,white,59%,White Shirt,1984,2443,Cotton
488.jpg,yellow,38%,Yellow Shirt,2789,3376,Denim
489.jpg,white,40%,White Shirt,2738,3232,Polyester
49.jpg,gray,45%,Gray Shirt,2003,2760,Cotton
490.jpg,gray,40%,Gray Shirt,2518,2978,Cotton
491.jpg,unknown,40%,Stylish Shirt,2584,3243,Denim
492.jpg,unknown,82%,Stylish Shirt,2490,3030,Linen
493.jpg,unknown,83%,Stylish Shirt,1985,2743,Denim
494.jpg,black,80%,Black Shirt,2860,3583,Cotton
495.jpg,white,45%,White Shirt,2192,2971,Wool
496.jpg,white,70%,White Shirt,2910,3538,Wool
497.jpg,unknown,56%,Stylish Shirt,2505,2936,Wool
498.jpg,unknown,42%,Stylish Shirt,2750,3219,Polyester
499.jpg,white,56%,White Shirt,2529,3237,Denim
5.jpg,unknown,37%,Stylish Shirt,2486,2952,Polyester
50.jpg,black,62%,Black Shirt,2473,3017,Silk
500.jpg,gray,47%,Gray Shirt,2077,2630,Wool
501.jpg,black,54%,Black Shirt,1515,2293,Linen
502.jpg,white,57%,White Shirt,2562,2876,Linen
503.jpg,white,64%,White Shirt,2109,2424,Silk
504.jpg,white,72%,White Shirt,2395,2701,Polyester
505.jpg,green,81%,Green Shirt,1859,2531,Polyester
506.jpg,black,61%,Black Shirt,2482,3064,Wool
507.jpg,gray,85%,Gray Shirt,1540,1847,Linen
508.jpg,white,40%,White Shirt,2620,3334,Wool
509.jpg,black,61%,Black Shirt,2336,2656,Wool
51.jpg,white,49%,White Shirt,2877,3284,Linen
510.jpg,white,71%,White Shirt,2055,2623,Denim
511.jpg,white,48%,White Shirt,2465,3100,Polyester
512.jpg,black,74%,Black Shirt,1874,2259,Silk
513.jpg,gray,85%,Gray Shirt,2720,3479,Polyester
514.jpg,white,58%,White Shirt,2881,3319,Cotton
515.jpg,white,45%,White Shirt,2129,2810,Polyester
516.jpg,white,97%,White Shirt,2214,2817,Linen
517.jpg,black,82%,Black Shirt,2099,2642,Silk
518.jpg,unknown,81%,Stylish Shirt,1649,2160,Cotton
519.jpg,gray,85%,Gray Shirt,2758,3125,Denim
52.jpg,gray,37%,Gray Shirt,2438,2908,Linen
520.jpg,white,77%,White Shirt,1732,2312,Silk
521.jpg,unknown,86%,Stylish Shirt,2554,3268,Wool
522.jpg,white,93%,White Shirt,1751,2246,Wool
523.jpg,white,79%,White Shirt,1672,2210,Silk
524.jpg,blue,66%,Blue Shirt,2431,2907,Linen
525.jpg,white,61%,White Shirt,1888,2375,Cotton
526.jpg,white,43%,White Shirt,2435,2796,Wool
527.jpg,white,53%,White Shirt,1821,2232,Denim
528.jpg,gray,60%,Gray Shirt,2655,3141,Cotton
529.jpg,white,54%,White Shirt,1909,2317,Wool
53.jpg,white,61%,White Shirt,2786,3297,Polyester
530.jpg,white,61%,White Shirt,2013,2586,Wool
531.jpg,unknown,60%,Stylish Shirt,2485,2908,Silk
532.jpg,black,43%,Black Shirt,2831,3560,Linen
533.jpg,white,57%,White Shirt,2607,2962,Denim
534.jpg,gray,39%,Gray Shirt,2887,3278,Linen
535.jpg,white,65%,White Shirt,1895,2268,Polyester
536.jpg,gray,55%,Gray Shirt,2806,3447,Silk
537.jpg,gray,57%,Gray Shirt,2855,3161,Silk
538.jpg,unknown,62%,Stylish Shirt,1939,2390,Polyester
539.jpg,blue,43%,Blue Shirt,1614,2215,Silk
54.jpg,white,95%,White Shirt,1611,2370,Polyester
540.jpg,gray,40%,Gray Shirt,2770,3238,Polyester
541.jpg,gray,61%,Gray Shirt,2954,3625,Cotton
542.jpg,white,68%,White Shirt,2824,3366,Silk
543.jpg,white,51%,White Shirt,1649,2294,Linen
544.jpg,black,43%,Black Shirt,2592,3009,Polyester
545.jpg,gray,38%,Gray Shirt,2725,3059,Silk
546.jpg,unknown,51%,Stylish Shirt,2769,3259,Denim
547.jpg,white,57%,White Shirt,2720,3101,Wool
548.jpg,unknown,41%,Stylish Shirt,2584,3185,Silk
549.jpg,unknown,94%,Stylish Shirt,1638,2237,Polyester
55.jpg,white,53%,White Shirt,2485,3061,Cotton
550.jpg,white,57%,White Shirt,1962,2704,Wool
551.jpg,black,47%,Black Shirt,1662,2128,Denim
552.jpg,black,54%,Black Shirt,2026,2550,Linen
553.jpg,gray,64%,Gray Shirt,2466,2990,Wool
554.jpg,white,44%,White Shirt,2885,3524,Silk
555.jpg,black,66%,Black Shirt,1920,2271,Cotton
556.jpg,gray,50%,Gray Shirt,2845,3271,Linen
557.jpg,unknown,42%,Stylish Shirt,1866,2510,Denim
558.jpg,unknown,88%,Stylish Shirt,2950,3484,Cotton
559.jpg,yellow,36%,Yellow Shirt,2867,3372,Linen
56.jpg,gray,38%,Gray Shirt,1623,1935,Denim
560.jpg,white,44%,White Shirt,1940,2575,Wool
561.jpg,white,52%,White Shirt,1886,2673,Denim
562.jpg,unknown,61%,Stylish Shirt,1732,2443,Polyester
563.jpg,gray,51%,Gray Shirt,2926,3586,Linen
564.jpg,black,63%,Black Shirt,1872,2478,Wool
565.jpg,unknown,82%,Stylish Shirt,2044,2421,Cotton
566.jpg,white,48%,White Shirt,2661,3005,Denim
567.jpg,black,75%,Black Shirt,1797,2168,Denim
568.jpg,gray,81%,Gray Shirt,1758,2553,Silk
569.jpg,black,86%,Black Shirt,2828,3252,Linen
57.jpg,gray,50%,Gray Shirt,2346,3121,Denim
570.jpg,gray,69%,Gray Shirt,1639,1968,Denim
571.jpg,white,57%,White Shirt,2861,3501,Linen
572.jpg,gray,59%,Gray Shirt,2645,3173,Linen
573.jpg,gray,62%,Gray Shirt,1791,2474,Wool
574.jpg,white,67%,White Shirt,1839,2498,Polyester
575.jpg,gray,61%,Gray Shirt,1920,2462,Silk
576.jpg,black,83%,Black Shirt,2710,3278,Wool
577.jpg,white,62%,White Shirt,2661,3002,Polyester
578.jpg,blue,50%,Blue Shirt,2541,3209,Cotton
579.jpg,white,53%,White Shirt,2506,2897,Polyester
58.jpg,white,78%,White Shirt,2058,2826,Linen
580.jpg,unknown,73%,Stylish Shirt,2508,3284,Cotton
581.jpg,gray,44%,Gray Shirt,2889,3628,Silk
582.jpg,gray,80%,Gray Shirt,1747,2468,Denim
583.jpg,gray,43%,Gray Shirt,2028,2729,Linen
584.jpg,white,94%,White Shirt,2391,3138,Cotton
585.jpg,black,87%,Black Shirt,1527,2306,Linen
586.jpg,gray,55%,Gray Shirt,1666,2091,Denim
587.jpg,black,61%,Black Shirt,2865,3598,Silk
588.jpg,white,61%,White Shirt,2104,2879,Denim
589.jpg,red,85%,Red Shirt,2861,3289,Silk
59.jpg,unknown,46%,Stylish Shirt,2629,3401,Cotton
590.jpg,unknown,55%,Stylish Shirt,2098,2833,Polyester
591.jpg,white,66%,White Shirt,1653,1996,Linen
592.jpg,black,61%,Black Shirt,2811,3367,Denim
593.jpg,black,47%,Black Shirt,1824,2441,Wool
594.jpg,black,53%,Black Shirt,2416,3191,Denim
595.jpg,white,61%,White Shirt,2856,3646,Wool
596.jpg,white,70%,White Shirt,2882,3564,Linen
597.jpg,unknown,49%,Stylish Shirt,2200,2609,Denim
598.jpg,gray,79%,Gray Shirt,2710,3279,Polyester
599.jpg,unknown,38%,Stylish Shirt,2573,3011,Linen
6.jpg,white,57%,White Shirt,1635,2062,Cotton
60.jpg,white,52%,White Shirt,2397,3054,Wool
600.jpg,white,55%,White Shirt,2911,3343,Silk
601.jpg,unknown,79%,Stylish Shirt,2888,3332,Cotton
602.jpg,white,40%,White Shirt,2293,2705,Wool
603.jpg,white,49%,White Shirt,1666,1975,Denim
604.jpg,white,88%,White Shirt,2430,3012,Wool
605.jpg,gray,45%,Gray Shirt,2684,3140,Polyester
606.jpg,white,48%,White Shirt,2269,2699,Wool
607.jpg,white,74%,White Shirt,2897,3493,Silk
608.jpg,black,42%,Black Shirt,1592,2016,Cotton
609.jpg,black,54%,Black Shirt,1806,2540,Wool
61.jpg,unknown,61%,Stylish Shirt,1834,2217,Polyester
610.jpg,white,61%,White Shirt,2984,3533,Wool
611.jpg,unknown,86%,Stylish Shirt,2753,3549,Polyester
612.jpg,unknown,49%,Stylish Shirt,2968,3664,Silk
613.jpg,white,42%,White Shirt,2911,3530,Polyester
614.jpg,unknown,46%,Stylish Shirt,2491,3017,Cotton
615.jpg,unknown,42%,Stylish Shirt,1812,2212,Linen
616.jpg,unknown,69%,Stylish Shirt,1790,2340,Linen
617.jpg,white,47%,White Shirt,1905,2494,Cotton
618.jpg,black,41%,Black Shirt,1576,2018,Wool
619.jpg,unknown,47%,Stylish Shirt,2595,3098,Wool
62.jpg,white,51%,White Shirt,2196,2518,Linen
620.jpg,black,83%,Black Shirt,2253,3053,Wool
621.jpg,blue,68%,Blue Shirt,2367,2737,Denim
622.jpg,blue,86%,Blue Shirt,2969,3537,Linen
623.jpg,black,82%,Black Shirt,2309,2921,Polyester
624.jpg,unknown,67%,Stylish Shirt,2926,3430,Linen
625.jpg,black,37%,Black Shirt,2205,2865,Silk
626.jpg,white,57%,White Shirt,2737,3477,Denim
627.jpg,pink,84%,Pink Shirt,2051,2688,Linen
628.jpg,gray,39%,Gray Shirt,2781,3245,Polyester
629.jpg,white,95%,White Shirt,2748,3097,Cotton
63.jpg,unknown,44%,Stylish Shirt,2152,2751,Denim
630.jpg,red,48%,Red Shirt,1963,2652,Polyester
631.jpg,white,96%,White Shirt,2428,3143,Polyester
632.jpg,red,65%,Red Shirt,2577,3290,Polyester
633.jpg,gray,74%,Gray Shirt,2027,2780,Wool
634.jpg,white,75%,White Shirt,2080,2757,Polyester
635.jpg,unknown,68%,Stylish Shirt,2218,2963,Cotton
636.jpg,unknown,67%,Stylish Shirt,1719,2446,Linen
637.jpg,unknown,53%,Stylish Shirt,2444,2803,Silk
638.jpg,gray,83%,Gray Shirt,1740,2206,Wool
639.jpg,unknown,62%,Stylish Shirt,2960,3536,Denim
64.jpg,black,75%,Black Shirt,1819,2162,Silk
640.jpg,gray,59%,Gray Shirt,2796,3407,Silk
641.jpg,white,48%,White Shirt,2132,2859,Linen
642.jpg,blue,79%,Blue Shirt,2621,3111,Polyester
643.jpg,white,64%,White Shirt,2244,2944,Cotton
644.jpg,blue,57%,Blue Shirt,2169,2905,Wool
645.jpg,white,36%,White Shirt,1948,2278,Wool
646.jpg,white,85%,White Shirt,1822,2297,Denim
647.jpg,white,43%,White Shirt,2432,3048,Polyester
648.jpg,unknown,40%,Stylish Shirt,2799,3335,Linen
649.jpg,black,38%,Black Shirt,2408,3198,Polyester
65.jpg,unknown,50%,Stylish Shirt,2223,2913,Silk
650.jpg,unknown,49%,Stylish Shirt,1799,2220,Linen
651.jpg,black,40%,Black Shirt,2747,3132,Wool
652.jpg,white,41%,White Shirt,1871,2603,Polyester
653.jpg,pink,36%,Pink Shirt,2312,2675,Denim
654.jpg,black,48%,Black Shirt,2911,3396,Polyester
655.jpg,gray,60%,Gray Shirt,1844,2452,Denim
656.jpg,white,58%,White Shirt,1649,2272,Denim
657.jpg,gray,47%,Gray Shirt,1822,2599,Polyester
658.jpg,unknown,55%,Stylish Shirt,2558,3119,Denim
659.jpg,black,60%,Black Shirt,1620,2044,Silk
66.jpg,blue,37%,Blue Shirt,1542,2284,Wool
660.jpg,white,56%,White Shirt,2842,3618,Wool
661.jpg,unknown,84%,Stylish Shirt,1518,2303,Linen
662.jpg,white,58%,White Shirt,2699,3479,Cotton
663.jpg,white,75%,White Shirt,2445,3009,Wool
664.jpg,gray,78%,Gray Shirt,2870,3476,Polyester
665.jpg,unknown,50%,Stylish Shirt,1580,1907,Cotton
666.jpg,black,85%,Black Shirt,2271,2755,Wool
667.jpg,white,73%,White Shirt,1810,2438,Silk
668.jpg,unknown,41%,Stylish Shirt,1646,2276,Cotton
669.jpg,unknown,75%,Stylish Shirt,2831,3609,Cotton
67.jpg,unknown,46%,Stylish Shirt,2965,3400,Denim
670.jpg,black,52%,Black Shirt,1919,2707,Linen
671.jpg,gray,50%,Gray Shirt,2011,2366,Linen
672.jpg,white,73%,White Shirt,2302,2947,Silk
673.jpg,black,64%,Black Shirt,2768,3273,Cotton
674.jpg,white,48%,White Shirt,2829,3527,Linen
675.jpg,black,71%,Black Shirt,1849,2149,Wool
676.jpg,blue,46%,Blue Shirt,1810,2602,Silk
677.jpg,gray,84%,Gray Shirt,2085,2603,Cotton
678.jpg,gray,44%,Gray Shirt,1750,2239,Denim
679.jpg,black,64%,Black Shirt,2580,2887,Silk
68.jpg,white,56%,White Shirt,2190,2809,Linen
680.jpg,gray,46%,Gray Shirt,2430,2819,Linen
681.jpg,unknown,44%,Stylish Shirt,2368,2998,Wool
682.jpg,white,77%,White Shirt,1783,2381,Denim
683.jpg,white,43%,White Shirt,1874,2194,Denim
684.jpg,unknown,79%,Stylish Shirt,1512,1931,Polyester
685.jpg,white,62%,White Shirt,1527,1913,Linen
686.jpg,brown,84%,Brown Shirt,2466,2990,Wool
687.jpg,gray,39%,Gray Shirt,2662,3440,Linen
688.jpg,white,88%,White Shirt,2533,3145,Cotton
689.jpg,black,81%,Black Shirt,2858,3447,Cotton
69.jpg,unknown,67%,Stylish Shirt,2218,2722,Polyester
690.jpg,black,50%,Black Shirt,1596,2179,Cotton
691.jpg,black,49%,Black Shirt,2579,3197,Wool
692.jpg,gray,44%,Gray Shirt,2276,2733,Cotton
693.jpg,black,63%,Black Shirt,2876,3425,Denim
694.jpg,blue,56%,Blue Shirt,1883,2185,Silk
695.jpg,white,64%,White Shirt,2971,3736,Silk
696.jpg,black,69%,Black Shirt,2205,2948,Wool
697.jpg,white,76%,White Shirt,1707,2258,Denim
698.jpg,white,70%,White Shirt,2518,3097,Wool
699.jpg,black,47%,Black Shirt,2069,2404,Polyester
7.jpg,unknown,49%,Stylish Shirt,2646,3022,Linen
70.jpg,white,44%,White Shirt,2894,3605,Cotton
700.jpg,white,48%,White Shirt,2983,3382,Denim
701.jpg,white,96%,White Shirt,1656,2038,Denim
702.jpg,white,42%,White Shirt,1725,2181,Wool
703.jpg,black,79%,Black Shirt,2866,3284,Linen
704.jpg,white,60%,White Shirt,2484,3222,Wool
705.jpg,white,73%,White Shirt,2606,3151,Cotton
706.jpg,white,81%,White Shirt,2613,3270,Linen
707.jpg,black,41%,Black Shirt,1817,2121,Silk
708.jpg,white,44%,White Shirt,2332,3113,Wool
709.jpg,blue,48%,Blue Shirt,2893,3602,Linen
71.jpg,black,72%,Black Shirt,2910,3680,Linen
710.jpg,black,61%,Black Shirt,2400,3092,Cotton
711.jpg,black,43%,Black Shirt,2881,3304,Denim
712.jpg,black,80%,Black Shirt,2849,3446,Polyester
713.jpg,white,48%,White Shirt,2004,2568,Cotton
714.jpg,gray,81%,Gray Shirt,2476,3223,Silk
715.jpg,blue,65%,Blue Shirt,1718,2310,Denim
716.jpg,unknown,58%,Stylish Shirt,2080,2750,Denim
717.jpg,unknown,49%,Stylish Shirt,2099,2502,Polyester
718.jpg,white,90%,White Shirt,2110,2613,Cotton
719.jpg,black,44%,Black Shirt,1614,2115,Wool
72.jpg,blue,73%,Blue Shirt,2420,3051,Linen
720.jpg,black,40%,Black Shirt,1826,2465,Polyester
721.jpg,white,48%,White Shirt,1803,2429,Denim
722.jpg,black,57%,Black Shirt,2879,3314,Silk
723.jpg,gray,47%,Gray Shirt,2995,3568,Linen
724.jpg,white,45%,White Shirt,2300,2712,Denim
725.jpg,white,61%,White Shirt,2313,2901,Linen
726.jpg,blue,79%,Blue Shirt,2890,3352,Silk
727.jpg,gray,44%,Gray Shirt,2718,3273,Linen
728.jpg,black,80%,Black Shirt,2848,3639,Wool
729.jpg,green,59%,Green Shirt,2996,3792,Wool
73.jpg,black,79%,Black Shirt,1743,2451,Cotton
730.jpg,unknown,46%,Stylish Shirt,2870,3435,Wool
731.jpg,gray,43%,Gray Shirt,2867,3636,Silk
732.jpg,gray,77%,Gray Shirt,1514,1980,Cotton
733.jpg,white,54%,White Shirt,2641,3058,Linen
734.jpg,gray,66%,Gray Shirt,2852,3501,Linen
735.jpg,white,59%,White Shirt,1977,2481,Cotton
736.jpg,black,82%,Black Shirt,2302,2798,Polyester
737.jpg,black,59%,Black Shirt,1748,2082,Cotton
738.jpg,blue,68%,Blue Shirt,1606,2115,Denim
739.jpg,white,86%,White Shirt,2174,2927,Linen
74.jpg,white,42%,White Shirt,1661,2235,Polyester
740.jpg,gray,43%,Gray Shirt,2982,3482,Cotton
741.jpg,unknown,81%,Stylish Shirt,2356,2939,Linen
742.jpg,gray,39%,Gray Shirt,2439,2845,Linen
743.jpg,black,51%,Black Shirt,1510,1810,Wool
744.jpg,unknown,86%,Stylish Shirt,1595,2126,Cotton
745.jpg,white,64%,White Shirt,2979,3308,Silk
746.jpg,white,93%,White Shirt,2357,2996,Cotton
747.jpg,green,53%,Green Shirt,2773,3184,Linen
748.jpg,white,95%,White Shirt,2948,3745,Linen
749.jpg,white,48%,White Shirt,2241,2571,Denim
75.jpg,white,77%,White Shirt,1753,2356,Linen
750.jpg,black,67%,Black Shirt,1639,2158,Linen
751.jpg,black,66%,Black Shirt,2551,3070,Linen
752.jpg,white,62%,White Shirt,2854,3205,Denim
753.jpg,black,52%,Black Shirt,2713,3364,Linen
754.jpg,unknown,60%,Stylish Shirt,1721,2143,Cotton
755.jpg,unknown,42%,Stylish Shirt,2559,3351,Polyester
756.jpg,gray,48%,Gray Shirt,2829,3336,Denim
757.jpg,black,44%,Black Shirt,2661,3389,Silk
758.jpg,unknown,62%,Stylish Shirt,2357,3029,Linen
759.jpg,unknown,41%,Stylish Shirt,2338,2676,Cotton
76.jpg,unknown,81%,Stylish Shirt,2780,3259,Polyester
760.jpg,black,51%,Black Shirt,1931,2572,Polyester
761.jpg,black,39%,Black Shirt,2858,3446,Cotton
762.jpg,white,70%,White Shirt,2837,3504,Silk
763.jpg,unknown,61%,Stylish Shirt,2134,2673,Wool
764.jpg,white,56%,White Shirt,1550,2099,Cotton
765.jpg,black,45%,Black Shirt,2861,3468,Linen
766.jpg,black,51%,Black Shirt,2550,3266,Denim
767.jpg,black,70%,Black Shirt,1688,2074,Wool
768.jpg,black,52%,Black Shirt,2718,3343,Silk
769.jpg,white,70%,White Shirt,2515,2836,Polyester
77.jpg,black,73%,Black Shirt,2859,3537,Silk
770.jpg,white,69%,White Shirt,1559,1979,Polyester
771.jpg,unknown,73%,Stylish Shirt,2206,2832,Silk
772.jpg,white,39%,White Shirt,1592,2032,Denim
773.jpg,unknown,82%,Stylish Shirt,2932,3520,Polyester
774.jpg,unknown,57%,Stylish Shirt,2415,2771,Denim
775.jpg,white,61%,White Shirt,2571,2999,Wool
776.jpg,white,39%,White Shirt,2129,2544,Denim
777.jpg,white,60%,White Shirt,2686,3131,Denim
778.jpg,white,56%,White Shirt,2787,3351,Cotton
779.jpg,gray,80%,Gray Shirt,2333,3112,Linen
78.jpg,black,37%,Black Shirt,2018,2394,Wool
780.jpg,white,59%,White Shirt,2817,3407,Cotton
781.jpg,black,76%,Black Shirt,2612,3334,Polyester
782.jpg,green,46%,Green Shirt,1888,2194,Polyester
783.jpg,white,42%,White Shirt,2071,2623,Linen
784.jpg,gray,80%,Gray Shirt,2354,2705,Wool
785.jpg,unknown,73%,Stylish Shirt,1663,2203,Silk
786.jpg,white,48%,White Shirt,2025,2694,Silk
787.jpg,unknown,78%,Stylish Shirt,2225,2660,Wool
788.jpg,black,78%,Black Shirt,1715,2106,Cotton
789.jpg,black,78%,Black Shirt,2824,3138,Wool
79.jpg,gray,55%,Gray Shirt,2384,3111,Cotton
790.jpg,blue,48%,Blue Shirt,1977,2744,Cotton
791.jpg,white,76%,White Shirt,2943,3328,Cotton
792.jpg,white,47%,White Shirt,2782,3389,Linen
793.jpg,white,61%,White Shirt,1669,2345,Denim
794.jpg,yellow,76%,Yellow Shirt,2878,3507,Linen
795.jpg,black,79%,Black Shirt,1839,2146,Denim
796.jpg,white,37%,White Shirt,1697,2066,Polyester
797.jpg,white,47%,White Shirt,1579,2358,Linen
798.jpg,gray,59%,Gray Shirt,2825,3476,Silk
799.jpg,white,56%,White Shirt,2239,2797,Silk
8.jpg,red,81%,Red Shirt,2779,3374,Linen
80.jpg,black,59%,Black Shirt,2870,3243,Polyester
800.jpg,black,78%,Black Shirt,1787,2430,Polyester
801.jpg,black,74%,Black Shirt,2334,2737,Silk
802.jpg,blue,81%,Blue Shirt,2733,3482,Silk
803.jpg,gray,78%,Gray Shirt,2563,3165,Cotton
804.jpg,white,41%,White Shirt,2760,3411,Wool
805.jpg,white,51%,White Shirt,1910,2591,Polyester
806.jpg,green,74%,Green Shirt,2447,3221,Wool
807.jpg,black,72%,Black Shirt,2874,3489,Denim
808.jpg,unknown,78%,Stylish Shirt,1958,2375,Polyester
809.jpg,gray,77%,Gray Shirt,2260,2662,Wool
81.jpg,black,46%,Black Shirt,2889,3545,Silk
810.jpg,white,72%,White Shirt,2861,3398,Silk
811.jpg,white,50%,White Shirt,2403,2912,Polyester
812.jpg,black,77%,Black Shirt,1569,1902,Silk
813.jpg,black,62%,Black Shirt,2427,3070,Denim
814.jpg,black,74%,Black Shirt,2050,2599,Denim
815.jpg,white,38%,White Shirt,2846,3262,Silk
816.jpg,white,55%,White Shirt,1793,2250,Cotton
817.jpg,gray,83%,Gray Shirt,2673,3028,Wool
818.jpg,unknown,80%,Stylish Shirt,1550,2197,Polyester
819.jpg,white,45%,White Shirt,1618,2064,Polyester
82.jpg,white,56%,White Shirt,1732,2299,Cotton
820.jpg,white,91%,White Shirt,1593,2211,Linen
821.jpg,white,50%,White Shirt,2514,3169,Denim
822.jpg,gray,51%,Gray Shirt,2208,2820,Polyester
823.jpg,black,69%,Black Shirt,1732,2035,Polyester
824.jpg,white,46%,White Shirt,2396,2868,Cotton
825.jpg,white,41%,White Shirt,2653,3240,Linen
826.jpg,white,50%,White Shirt,2337,2915,Cotton
827.jpg,green,80%,Green Shirt,1804,2335,Denim
828.jpg,black,73%,Black Shirt,1982,2706,Silk
829.jpg,black,79%,Black Shirt,1584,2136,Denim
83.jpg,gray,69%,Gray Shirt,2302,2846,Linen
830.jpg,black,80%,Black Shirt,2186,2851,Denim
831.jpg,black,78%,Black Shirt,1557,2315,Linen
832.jpg,black,77%,Black Shirt,2011,2639,Cotton
833.jpg,green,77%,Green Shirt,2163,2924,Cotton
834.jpg,black,68%,Black Shirt,2988,3655,Denim
835.jpg,white,92%,White Shirt,2783,3363,Polyester
836.jpg,white,40%,White Shirt,2345,2912,Linen
837.jpg,black,79%,Black Shirt,2808,3145,Wool
838.jpg,white,47%,White Shirt,2893,3653,Polyester
839.jpg,unknown,77%,Stylish Shirt,1776,2392,Silk
84.jpg,black,40%,Black Shirt,1700,2248,Wool
840.jpg,black,64%,Black Shirt,2149,2642,Silk
841.jpg,black,76%,Black Shirt,2674,3223,Wool
842.jpg,gray,50%,Gray Shirt,2466,2914,Linen
843.jpg,white,58%,White Shirt,2487,2946,Denim
844.jpg,gray,81%,Gray Shirt,2864,3355,Denim
845.jpg,gray,51%,Gray Shirt,2531,2989,Silk
846.jpg,unknown,78%,Stylish Shirt,1657,2132,Cotton
847.jpg,gray,76%,Gray Shirt,1879,2329,Cotton
848.jpg,white,63%,White Shirt,1529,2201,Cotton
849.jpg,gray,43%,Gray Shirt,2980,3369,Polyester
85.jpg,white,44%,White Shirt,2211,2812,Silk
850.jpg,unknown,85%,Stylish Shirt,1836,2547,Cotton
851.jpg,yellow,76%,Yellow Shirt,1773,2264,Silk
852.jpg,black,77%,Black Shirt,2166,2573,Linen
853.jpg,blue,78%,Blue Shirt,2370,3117,Polyester
854.jpg,unknown,80%,Stylish Shirt,2028,2582,Silk
855.jpg,white,45%,White Shirt,1874,2210,Wool
856.jpg,white,93%,White Shirt,1582,2350,Wool
857.jpg,blue,78%,Blue Shirt,1501,1911,Wool
858.jpg,black,77%,Black Shirt,2844,3568,Silk
859.jpg,white,45%,White Shirt,2028,2828,Polyester
86.jpg,white,50%,White Shirt,2178,2806,Cotton
860.jpg,white,42%,White Shirt,2850,3292,Cotton
861.jpg,black,84%,Black Shirt,1550,2250,Cotton
862.jpg,white,62%,White Shirt,2166,2673,Silk
863.jpg,unknown,52%,Stylish Shirt,1973,2607,Polyester
864.jpg,gray,47%,Gray Shirt,2317,2715,Silk
865.jpg,black,78%,Black Shirt,1750,2237,Linen
866.jpg,blue,76%,Blue Shirt,1892,2211,Linen
867.jpg,white,35%,White Shirt,2966,3592,Polyester
868.jpg,white,58%,White Shirt,2726,3278,Linen
869.jpg,black,69%,Black Shirt,2550,2914,Silk
87.jpg,unknown,71%,Stylish Shirt,2012,2731,Polyester
870.jpg,gray,55%,Gray Shirt,2661,3146,Linen
871.jpg,black,71%,Black Shirt,1980,2299,Linen
872.jpg,gray,44%,Gray Shirt,2591,3353,Linen
873.jpg,white,86%,White Shirt,1594,1998,Cotton
874.jpg,unknown,85%,Stylish Shirt,2119,2860,Polyester
875.jpg,brown,83%,Brown Shirt,1943,2327,Wool
876.jpg,blue,43%,Blue Shirt,1861,2439,Silk
877.jpg,yellow,73%,Yellow Shirt,1985,2316,Wool
878.jpg,white,64%,White Shirt,1525,2295,Polyester
879.jpg,gray,86%,Gray Shirt,2238,2585,Linen
88.jpg,blue,51%,Blue Shirt,1957,2479,Denim
880.jpg,white,45%,White Shirt,1626,2364,Wool
881.jpg,black,76%,Black Shirt,1505,1835,Polyester
882.jpg,gray,49%,Gray Shirt,2636,3109,Polyester
883.jpg,white,59%,White Shirt,2008,2675,Polyester
884.jpg,black,80%,Black Shirt,2558,3111,Cotton
885.jpg,white,73%,White Shirt,2914,3566,Denim
886.jpg,white,60%,White Shirt,2681,3474,Wool
887.jpg,blue,61%,Blue Shirt,2968,3591,Linen
888.jpg,blue,55%,Blue Shirt,2095,2582,Cotton
889.jpg,blue,77%,Blue Shirt,1625,1953,Denim
89.jpg,unknown,73%,Stylish Shirt,1691,2392,Linen
890.jpg,black,82%,Black Shirt,2053,2844,Wool
891.jpg,white,88%,White Shirt,1933,2646,Polyester
892.jpg,gray,42%,Gray Shirt,1633,1966,Linen
893.jpg,gray,48%,Gray Shirt,1516,1914,Linen
894.jpg,white,97%,White Shirt,2466,2845,Silk
895.jpg,white,48%,White Shirt,2835,3579,Polyester
896.jpg,black,70%,Black Shirt,2381,2974,Linen
897.jpg,white,66%,White Shirt,1860,2437,Polyester
898.jpg,white,62%,White Shirt,1791,2431,Polyester
899.jpg,white,54%,White Shirt,2616,3106,Cotton
9.jpg,black,79%,Black Shirt,2440,3233,Silk
90.jpg,black,70%,Black Shirt,2938,3321,Wool
900.jpg,black,83%,Black Shirt,2091,2574,Denim
901.jpg,unknown,81%,Stylish Shirt,2589,3098,Linen
902.jpg,white,53%,White Shirt,2915,3365,Wool
903.jpg,white,64%,White Shirt,1719,2029,Cotton
904.jpg,gray,44%,Gray Shirt,2274,2691,Denim
905.jpg,gray,44%,Gray Shirt,2838,3144,Denim
906.jpg,black,78%,Black Shirt,1587,2252,Linen
907.jpg,blue,80%,Blue Shirt,2625,3036,Silk
908.jpg,black,77%,Black Shirt,2189,2742,Linen
909.jpg,white,65%,White Shirt,1689,2408,Wool
91.jpg,black,73%,Black Shirt,2102,2520,Wool
910.jpg,white,54%,White Shirt,1556,1856,Polyester
911.jpg,white,42%,White Shirt,2131,2884,Silk
912.jpg,black,78%,Black Shirt,1758,2144,Silk
913.jpg,white,37%,White Shirt,2320,2840,Polyester
914.jpg,white,94%,White Shirt,2234,2982,Wool
915.jpg,white,47%,White Shirt,2398,3062,Linen
916.jpg,black,81%,Black Shirt,2666,3002,Linen
917.jpg,red,80%,Red Shirt,2293,2669,Polyester
918.jpg,gray,79%,Gray Shirt,2206,2612,Silk
919.jpg,black,80%,Black Shirt,2895,3469,Cotton
92.jpg,white,86%,White Shirt,1619,2243,Polyester
920.jpg,gray,55%,Gray Shirt,2955,3445,Silk
921.jpg,white,92%,White Shirt,2882,3226,Polyester
922.jpg,white,60%,White Shirt,2869,3185,Wool
923.jpg,unknown,80%,Stylish Shirt,2352,2981,Cotton
924.jpg,gray,46%,Gray Shirt,1859,2635,Cotton
925.jpg,white,45%,White Shirt,2468,2840,Denim
926.jpg,black,81%,Black Shirt,2904,3390,Denim
927.jpg,unknown,81%,Stylish Shirt,2869,3446,Linen
928.jpg,gray,82%,Gray Shirt,1727,2039,Cotton
929.jpg,green,65%,Green Shirt,2665,3316,Silk
93.jpg,white,89%,White Shirt,2586,3336,Polyester
930.jpg,white,62%,White Shirt,1701,2101,Silk
931.jpg,white,43%,White Shirt,1985,2593,Polyester
932.jpg,unknown,59%,Stylish Shirt,1796,2476,Linen
933.jpg,gray,60%,Gray Shirt,2743,3307,Cotton
934.jpg,black,68%,Black Shirt,1748,2413,Polyester
935.jpg,unknown,44%,Stylish Shirt,2534,3079,Silk
936.jpg,blue,80%,Blue Shirt,2777,3445,Wool
937.jpg,unknown,49%,Stylish Shirt,2919,3421,Denim
938.jpg,unknown,76%,Stylish Shirt,1506,1851,Polyester
939.jpg,black,76%,Black Shirt,1976,2774,Silk
94.jpg,black,84%,Black Shirt,2098,2419,Polyester
940.jpg,black,78%,Black Shirt,1532,2166,Wool
941.jpg,white,50%,White Shirt,2072,2652,Polyester
942.jpg,white,91%,White Shirt,2515,3067,Polyester
943.jpg,black,46%,Black Shirt,1530,2323,Polyester
944.jpg,black,78%,Black Shirt,2570,3026,Silk
945.jpg,unknown,49%,Stylish Shirt,1869,2497,Polyester
946.jpg,blue,80%,Blue Shirt,1783,2091,Cotton
947.jpg,white,42%,White Shirt,1661,2205,Silk
948.jpg,unknown,55%,Stylish Shirt,2574,3270,Silk
949.jpg,white,51%,White Shirt,2219,2744,Linen
95.jpg,white,95%,White Shirt,2868,3460,Denim
950.jpg,white,64%,White Shirt,1945,2419,Linen
951.jpg,black,73%,Black Shirt,2410,3084,Denim
952.jpg,red,81%,Red Shirt,1670,2273,Cotton
953.jpg,black,74%,Black Shirt,2074,2495,Denim
954.jpg,pink,79%,Pink Shirt,1918,2569,Cotton
955.jpg,gray,40%,Gray Shirt,1866,2276,Silk
956.jpg,white,42%,White Shirt,2565,3207,Silk
957.jpg,white,70%,White Shirt,2329,2838,Polyester
958.jpg,black,75%,Black Shirt,1871,2231,Silk
959.jpg,gray,49%,Gray Shirt,2516,2929,Silk
96.jpg,gray,68%,Gray Shirt,1884,2363,Denim
960.jpg,white,51%,White Shirt,2193,2874,Denim
961.jpg,black,76%,Black Shirt,1505,2288,Wool
962.jpg,black,79%,Black Shirt,2458,2772,Silk
963.jpg,unknown,75%,Stylish Shirt,2902,3496,Polyester
964.jpg,gray,74%,Gray Shirt,1726,2478,Denim
965.jpg,unknown,37%,Stylish Shirt,2277,2854,Cotton
966.jpg,black,78%,Black Shirt,1859,2228,Polyester
967.jpg,gray,42%,Gray Shirt,1705,2299,Polyester
968.jpg,white,63%,White Shirt,2138,2730,Polyester
969.jpg,white,42%,White Shirt,1769,2293,Silk
97.jpg,unknown,42%,Stylish Shirt,2371,3078,Cotton
970.jpg,blue,68%,Blue Shirt,1931,2637,Silk
971.jpg,black,77%,Black Shirt,1775,2430,Linen
972.jpg,white,77%,White Shirt,2822,3618,Polyester
973.jpg,white,63%,White Shirt,1543,1918,Linen
974.jpg,gray,77%,Gray Shirt,2620,3068,Linen
975.jpg,white,80%,White Shirt,1745,2237,Linen
976.jpg,gray,80%,Gray Shirt,2973,3578,Linen
977.jpg,gray,76%,Gray Shirt,2679,3440,Linen
978.jpg,white,73%,White Shirt,1639,2323,Linen
979.jpg,unknown,80%,Stylish Shirt,2936,3389,Silk
98.jpg,white,44%,White Shirt,1966,2346,Polyester
980.jpg,blue,77%,Blue Shirt,1517,2200,Denim
981.jpg,white,59%,White Shirt,1555,1908,Polyester
982.jpg,white,58%,White Shirt,2502,3059,Silk
983.jpg,white,50%,White Shirt,2772,3118,Silk
984.jpg,gray,47%,Gray Shirt,1907,2367,Cotton
985.jpg,unknown,45%,Stylish Shirt,2009,2704,Polyester
986.jpg,gray,67%,Gray Shirt,1850,2640,Cotton
987.jpg,black,77%,Black Shirt,2955,3702,Linen
988.jpg,unknown,78%,Stylish Shirt,1614,2100,Silk
989.jpg,white,62%,White Shirt,2865,3511,Polyester
99.jpg,gray,68%,Gray Shirt,1836,2608,Wool
990.jpg,unknown,83%,Stylish Shirt,2692,3462,Polyester
991.jpg,red,76%,Red Shirt,2642,2974,Silk
992.jpg,white,63%,White Shirt,2524,2861,Linen
993.jpg,gray,79%,Gray Shirt,2927,3459,Wool
994.jpg,white,48%,White Shirt,1503,1825,Denim
995.jpg,gray,54%,Gray Shirt,2443,2983,Silk
996.jpg,gray,48%,Gray Shirt,1761,2407,Linen
997.jpg,white,53%,White Shirt,1942,2370,Cotton
998.jpg,blue,75%,Blue Shirt,2920,3610,Silk
999.jpg,white,63%,White Shirt,2536,3226,Denim
